"Participant.Private.ID","Participant.Status","gorillaExp","arm","Question.Key","Response","order","chatType","question","chat_condition","questionFull","bfi44_extraversion","bfi44_agreeableness","bfi44_conscientiousness","bfi44_neuroticism","bfi44_openness","chat","quest","aff_score"
11566059,"complete","A","A_2PatInt_1AlexExt","similar-pat-quantised",2,"Introvert first","Introvert","similar","pat_int","I felt that <br>we are similar",0.75,32,29,25,34,"Introvert","similar",-1
11566059,"complete","A","A_2PatInt_1AlexExt","similar-alex-quantised",1,"Introvert first","Extrovert","similar","pat_int","I felt that <br>we are similar",0.75,32,29,25,34,"Extrovert","similar",-2
11566059,"complete","A","A_2PatInt_1AlexExt","enjoy-pat-quantised",2,"Introvert first","Introvert","enjoy","pat_int","I enjoyed our <br>conversation",0.75,32,29,25,34,"Introvert","enjoy",-1
11566059,"complete","A","A_2PatInt_1AlexExt","enjoy-alex-quantised",1,"Introvert first","Extrovert","enjoy","pat_int","I enjoyed our <br>conversation",0.75,32,29,25,34,"Extrovert","enjoy",-2
11566059,"complete","A","A_2PatInt_1AlexExt","distant-pat-quantised",5,"Introvert first","Introvert","distant","pat_int","I felt distant <br>from them",0.75,32,29,25,34,"Introvert","distant",-2
11566059,"complete","A","A_2PatInt_1AlexExt","distant-alex-quantised",5,"Introvert first","Extrovert","distant","pat_int","I felt distant <br>from them",0.75,32,29,25,34,"Extrovert","distant",-2
11566059,"complete","A","A_2PatInt_1AlexExt","understood-pat-quantised",1,"Introvert first","Introvert","understood","pat_int","I felt that <br>they understood me",0.75,32,29,25,34,"Introvert","understood",-2
11566059,"complete","A","A_2PatInt_1AlexExt","understood-alex-quantised",1,"Introvert first","Extrovert","understood","pat_int","I felt that <br>they understood me",0.75,32,29,25,34,"Extrovert","understood",-2
11566059,"complete","A","A_2PatInt_1AlexExt","different-pat-quantised",5,"Introvert first","Introvert","different","pat_int","I felt that they were <br>different from me",0.75,32,29,25,34,"Introvert","different",-2
11566059,"complete","A","A_2PatInt_1AlexExt","different-alex-quantised",5,"Introvert first","Extrovert","different","pat_int","I felt that they were <br>different from me",0.75,32,29,25,34,"Extrovert","different",-2
11566059,"complete","A","A_2PatInt_1AlexExt","chat-again-pat-quantised",1,"Introvert first","Introvert","chat-again","pat_int","I would chat <br>with them again",0.75,32,29,25,34,"Introvert","chat-again",-2
11566059,"complete","A","A_2PatInt_1AlexExt","chat-again-alex-quantised",1,"Introvert first","Extrovert","chat-again","pat_int","I would chat <br>with them again",0.75,32,29,25,34,"Extrovert","chat-again",-2
11566066,"complete","A","A_1AlexExt_2PatInt","similar-alex-quantised",4,"Extrovert first","Extrovert","similar","alex_ext","I felt that <br>we are similar",0.75,30,31,23,35,"Extrovert","similar",1
11566066,"complete","A","A_1AlexExt_2PatInt","similar-pat-quantised",2,"Extrovert first","Introvert","similar","alex_ext","I felt that <br>we are similar",0.75,30,31,23,35,"Introvert","similar",-1
11566066,"complete","A","A_1AlexExt_2PatInt","enjoy-alex-quantised",4,"Extrovert first","Extrovert","enjoy","alex_ext","I enjoyed our <br>conversation",0.75,30,31,23,35,"Extrovert","enjoy",1
11566066,"complete","A","A_1AlexExt_2PatInt","enjoy-pat-quantised",3,"Extrovert first","Introvert","enjoy","alex_ext","I enjoyed our <br>conversation",0.75,30,31,23,35,"Introvert","enjoy",0
11566066,"complete","A","A_1AlexExt_2PatInt","distant-alex-quantised",2,"Extrovert first","Extrovert","distant","alex_ext","I felt distant <br>from them",0.75,30,31,23,35,"Extrovert","distant",1
11566066,"complete","A","A_1AlexExt_2PatInt","distant-pat-quantised",4,"Extrovert first","Introvert","distant","alex_ext","I felt distant <br>from them",0.75,30,31,23,35,"Introvert","distant",-1
11566066,"complete","A","A_1AlexExt_2PatInt","understood-alex-quantised",4,"Extrovert first","Extrovert","understood","alex_ext","I felt that <br>they understood me",0.75,30,31,23,35,"Extrovert","understood",1
11566066,"complete","A","A_1AlexExt_2PatInt","understood-pat-quantised",3,"Extrovert first","Introvert","understood","alex_ext","I felt that <br>they understood me",0.75,30,31,23,35,"Introvert","understood",0
11566066,"complete","A","A_1AlexExt_2PatInt","different-alex-quantised",2,"Extrovert first","Extrovert","different","alex_ext","I felt that they were <br>different from me",0.75,30,31,23,35,"Extrovert","different",1
11566066,"complete","A","A_1AlexExt_2PatInt","different-pat-quantised",4,"Extrovert first","Introvert","different","alex_ext","I felt that they were <br>different from me",0.75,30,31,23,35,"Introvert","different",-1
11566066,"complete","A","A_1AlexExt_2PatInt","chat-again-alex-quantised",4,"Extrovert first","Extrovert","chat-again","alex_ext","I would chat <br>with them again",0.75,30,31,23,35,"Extrovert","chat-again",1
11566066,"complete","A","A_1AlexExt_2PatInt","chat-again-pat-quantised",2,"Extrovert first","Introvert","chat-again","alex_ext","I would chat <br>with them again",0.75,30,31,23,35,"Introvert","chat-again",-1
11566067,"complete","A","A_2PatInt_1AlexExt","similar-pat-quantised",2,"Introvert first","Introvert","similar","pat_int","I felt that <br>we are similar",0.75,29,31,25,38,"Introvert","similar",-1
11566067,"complete","A","A_2PatInt_1AlexExt","similar-alex-quantised",4,"Introvert first","Extrovert","similar","pat_int","I felt that <br>we are similar",0.75,29,31,25,38,"Extrovert","similar",1
11566067,"complete","A","A_2PatInt_1AlexExt","enjoy-pat-quantised",3,"Introvert first","Introvert","enjoy","pat_int","I enjoyed our <br>conversation",0.75,29,31,25,38,"Introvert","enjoy",0
11566067,"complete","A","A_2PatInt_1AlexExt","enjoy-alex-quantised",5,"Introvert first","Extrovert","enjoy","pat_int","I enjoyed our <br>conversation",0.75,29,31,25,38,"Extrovert","enjoy",2
11566067,"complete","A","A_2PatInt_1AlexExt","distant-pat-quantised",2,"Introvert first","Introvert","distant","pat_int","I felt distant <br>from them",0.75,29,31,25,38,"Introvert","distant",1
11566067,"complete","A","A_2PatInt_1AlexExt","distant-alex-quantised",1,"Introvert first","Extrovert","distant","pat_int","I felt distant <br>from them",0.75,29,31,25,38,"Extrovert","distant",2
11566067,"complete","A","A_2PatInt_1AlexExt","understood-pat-quantised",3,"Introvert first","Introvert","understood","pat_int","I felt that <br>they understood me",0.75,29,31,25,38,"Introvert","understood",0
11566067,"complete","A","A_2PatInt_1AlexExt","understood-alex-quantised",5,"Introvert first","Extrovert","understood","pat_int","I felt that <br>they understood me",0.75,29,31,25,38,"Extrovert","understood",2
11566067,"complete","A","A_2PatInt_1AlexExt","different-pat-quantised",4,"Introvert first","Introvert","different","pat_int","I felt that they were <br>different from me",0.75,29,31,25,38,"Introvert","different",-1
11566067,"complete","A","A_2PatInt_1AlexExt","different-alex-quantised",1,"Introvert first","Extrovert","different","pat_int","I felt that they were <br>different from me",0.75,29,31,25,38,"Extrovert","different",2
11566067,"complete","A","A_2PatInt_1AlexExt","chat-again-pat-quantised",2,"Introvert first","Introvert","chat-again","pat_int","I would chat <br>with them again",0.75,29,31,25,38,"Introvert","chat-again",-1
11566067,"complete","A","A_2PatInt_1AlexExt","chat-again-alex-quantised",5,"Introvert first","Extrovert","chat-again","pat_int","I would chat <br>with them again",0.75,29,31,25,38,"Extrovert","chat-again",2
11566069,"complete","A","A_2PatInt_1AlexExt","similar-pat-quantised",4,"Introvert first","Introvert","similar","pat_int","I felt that <br>we are similar",0.875,28,30,21,36,"Introvert","similar",1
11566069,"complete","A","A_2PatInt_1AlexExt","similar-alex-quantised",5,"Introvert first","Extrovert","similar","pat_int","I felt that <br>we are similar",0.875,28,30,21,36,"Extrovert","similar",2
11566069,"complete","A","A_2PatInt_1AlexExt","enjoy-pat-quantised",4,"Introvert first","Introvert","enjoy","pat_int","I enjoyed our <br>conversation",0.875,28,30,21,36,"Introvert","enjoy",1
11566069,"complete","A","A_2PatInt_1AlexExt","enjoy-alex-quantised",5,"Introvert first","Extrovert","enjoy","pat_int","I enjoyed our <br>conversation",0.875,28,30,21,36,"Extrovert","enjoy",2
11566069,"complete","A","A_2PatInt_1AlexExt","distant-pat-quantised",2,"Introvert first","Introvert","distant","pat_int","I felt distant <br>from them",0.875,28,30,21,36,"Introvert","distant",1
11566069,"complete","A","A_2PatInt_1AlexExt","distant-alex-quantised",2,"Introvert first","Extrovert","distant","pat_int","I felt distant <br>from them",0.875,28,30,21,36,"Extrovert","distant",1
11566069,"complete","A","A_2PatInt_1AlexExt","understood-pat-quantised",4,"Introvert first","Introvert","understood","pat_int","I felt that <br>they understood me",0.875,28,30,21,36,"Introvert","understood",1
11566069,"complete","A","A_2PatInt_1AlexExt","understood-alex-quantised",4,"Introvert first","Extrovert","understood","pat_int","I felt that <br>they understood me",0.875,28,30,21,36,"Extrovert","understood",1
11566069,"complete","A","A_2PatInt_1AlexExt","different-pat-quantised",2,"Introvert first","Introvert","different","pat_int","I felt that they were <br>different from me",0.875,28,30,21,36,"Introvert","different",1
11566069,"complete","A","A_2PatInt_1AlexExt","different-alex-quantised",1,"Introvert first","Extrovert","different","pat_int","I felt that they were <br>different from me",0.875,28,30,21,36,"Extrovert","different",2
11566069,"complete","A","A_2PatInt_1AlexExt","chat-again-pat-quantised",4,"Introvert first","Introvert","chat-again","pat_int","I would chat <br>with them again",0.875,28,30,21,36,"Introvert","chat-again",1
11566069,"complete","A","A_2PatInt_1AlexExt","chat-again-alex-quantised",4,"Introvert first","Extrovert","chat-again","pat_int","I would chat <br>with them again",0.875,28,30,21,36,"Extrovert","chat-again",1
11566073,"complete","A","A_2PatInt_1AlexExt","similar-pat-quantised",5,"Introvert first","Introvert","similar","pat_int","I felt that <br>we are similar",0.71875,38,35,28,21,"Introvert","similar",2
11566073,"complete","A","A_2PatInt_1AlexExt","similar-alex-quantised",1,"Introvert first","Extrovert","similar","pat_int","I felt that <br>we are similar",0.71875,38,35,28,21,"Extrovert","similar",-2
11566073,"complete","A","A_2PatInt_1AlexExt","enjoy-pat-quantised",5,"Introvert first","Introvert","enjoy","pat_int","I enjoyed our <br>conversation",0.71875,38,35,28,21,"Introvert","enjoy",2
11566073,"complete","A","A_2PatInt_1AlexExt","enjoy-alex-quantised",2,"Introvert first","Extrovert","enjoy","pat_int","I enjoyed our <br>conversation",0.71875,38,35,28,21,"Extrovert","enjoy",-1
11566073,"complete","A","A_2PatInt_1AlexExt","distant-pat-quantised",1,"Introvert first","Introvert","distant","pat_int","I felt distant <br>from them",0.71875,38,35,28,21,"Introvert","distant",2
11566073,"complete","A","A_2PatInt_1AlexExt","distant-alex-quantised",5,"Introvert first","Extrovert","distant","pat_int","I felt distant <br>from them",0.71875,38,35,28,21,"Extrovert","distant",-2
11566073,"complete","A","A_2PatInt_1AlexExt","understood-pat-quantised",5,"Introvert first","Introvert","understood","pat_int","I felt that <br>they understood me",0.71875,38,35,28,21,"Introvert","understood",2
11566073,"complete","A","A_2PatInt_1AlexExt","understood-alex-quantised",2,"Introvert first","Extrovert","understood","pat_int","I felt that <br>they understood me",0.71875,38,35,28,21,"Extrovert","understood",-1
11566073,"complete","A","A_2PatInt_1AlexExt","different-pat-quantised",1,"Introvert first","Introvert","different","pat_int","I felt that they were <br>different from me",0.71875,38,35,28,21,"Introvert","different",2
11566073,"complete","A","A_2PatInt_1AlexExt","different-alex-quantised",5,"Introvert first","Extrovert","different","pat_int","I felt that they were <br>different from me",0.71875,38,35,28,21,"Extrovert","different",-2
11566073,"complete","A","A_2PatInt_1AlexExt","chat-again-pat-quantised",5,"Introvert first","Introvert","chat-again","pat_int","I would chat <br>with them again",0.71875,38,35,28,21,"Introvert","chat-again",2
11566073,"complete","A","A_2PatInt_1AlexExt","chat-again-alex-quantised",1,"Introvert first","Extrovert","chat-again","pat_int","I would chat <br>with them again",0.71875,38,35,28,21,"Extrovert","chat-again",-2
11566074,"complete","A","A_1AlexExt_2PatInt","similar-alex-quantised",2,"Extrovert first","Extrovert","similar","alex_ext","I felt that <br>we are similar",0.625,31,29,33,39,"Extrovert","similar",-1
11566074,"complete","A","A_1AlexExt_2PatInt","similar-pat-quantised",2,"Extrovert first","Introvert","similar","alex_ext","I felt that <br>we are similar",0.625,31,29,33,39,"Introvert","similar",-1
11566074,"complete","A","A_1AlexExt_2PatInt","enjoy-alex-quantised",4,"Extrovert first","Extrovert","enjoy","alex_ext","I enjoyed our <br>conversation",0.625,31,29,33,39,"Extrovert","enjoy",1
11566074,"complete","A","A_1AlexExt_2PatInt","enjoy-pat-quantised",4,"Extrovert first","Introvert","enjoy","alex_ext","I enjoyed our <br>conversation",0.625,31,29,33,39,"Introvert","enjoy",1
11566074,"complete","A","A_1AlexExt_2PatInt","distant-alex-quantised",2,"Extrovert first","Extrovert","distant","alex_ext","I felt distant <br>from them",0.625,31,29,33,39,"Extrovert","distant",1
11566074,"complete","A","A_1AlexExt_2PatInt","distant-pat-quantised",4,"Extrovert first","Introvert","distant","alex_ext","I felt distant <br>from them",0.625,31,29,33,39,"Introvert","distant",-1
11566074,"complete","A","A_1AlexExt_2PatInt","understood-alex-quantised",2,"Extrovert first","Extrovert","understood","alex_ext","I felt that <br>they understood me",0.625,31,29,33,39,"Extrovert","understood",-1
11566074,"complete","A","A_1AlexExt_2PatInt","understood-pat-quantised",2,"Extrovert first","Introvert","understood","alex_ext","I felt that <br>they understood me",0.625,31,29,33,39,"Introvert","understood",-1
11566074,"complete","A","A_1AlexExt_2PatInt","different-alex-quantised",4,"Extrovert first","Extrovert","different","alex_ext","I felt that they were <br>different from me",0.625,31,29,33,39,"Extrovert","different",-1
11566074,"complete","A","A_1AlexExt_2PatInt","different-pat-quantised",4,"Extrovert first","Introvert","different","alex_ext","I felt that they were <br>different from me",0.625,31,29,33,39,"Introvert","different",-1
11566074,"complete","A","A_1AlexExt_2PatInt","chat-again-alex-quantised",2,"Extrovert first","Extrovert","chat-again","alex_ext","I would chat <br>with them again",0.625,31,29,33,39,"Extrovert","chat-again",-1
11566074,"complete","A","A_1AlexExt_2PatInt","chat-again-pat-quantised",2,"Extrovert first","Introvert","chat-again","alex_ext","I would chat <br>with them again",0.625,31,29,33,39,"Introvert","chat-again",-1
11566081,"complete","A","A_1AlexExt_2PatInt","similar-alex-quantised",4,"Extrovert first","Extrovert","similar","alex_ext","I felt that <br>we are similar",0.9375,29,31,20,36,"Extrovert","similar",1
11566081,"complete","A","A_1AlexExt_2PatInt","similar-pat-quantised",5,"Extrovert first","Introvert","similar","alex_ext","I felt that <br>we are similar",0.9375,29,31,20,36,"Introvert","similar",2
11566081,"complete","A","A_1AlexExt_2PatInt","enjoy-alex-quantised",5,"Extrovert first","Extrovert","enjoy","alex_ext","I enjoyed our <br>conversation",0.9375,29,31,20,36,"Extrovert","enjoy",2
11566081,"complete","A","A_1AlexExt_2PatInt","enjoy-pat-quantised",5,"Extrovert first","Introvert","enjoy","alex_ext","I enjoyed our <br>conversation",0.9375,29,31,20,36,"Introvert","enjoy",2
11566081,"complete","A","A_1AlexExt_2PatInt","distant-alex-quantised",2,"Extrovert first","Extrovert","distant","alex_ext","I felt distant <br>from them",0.9375,29,31,20,36,"Extrovert","distant",1
11566081,"complete","A","A_1AlexExt_2PatInt","distant-pat-quantised",1,"Extrovert first","Introvert","distant","alex_ext","I felt distant <br>from them",0.9375,29,31,20,36,"Introvert","distant",2
11566081,"complete","A","A_1AlexExt_2PatInt","understood-alex-quantised",4,"Extrovert first","Extrovert","understood","alex_ext","I felt that <br>they understood me",0.9375,29,31,20,36,"Extrovert","understood",1
11566081,"complete","A","A_1AlexExt_2PatInt","understood-pat-quantised",4,"Extrovert first","Introvert","understood","alex_ext","I felt that <br>they understood me",0.9375,29,31,20,36,"Introvert","understood",1
11566081,"complete","A","A_1AlexExt_2PatInt","different-alex-quantised",1,"Extrovert first","Extrovert","different","alex_ext","I felt that they were <br>different from me",0.9375,29,31,20,36,"Extrovert","different",2
11566081,"complete","A","A_1AlexExt_2PatInt","different-pat-quantised",1,"Extrovert first","Introvert","different","alex_ext","I felt that they were <br>different from me",0.9375,29,31,20,36,"Introvert","different",2
11566081,"complete","A","A_1AlexExt_2PatInt","chat-again-alex-quantised",5,"Extrovert first","Extrovert","chat-again","alex_ext","I would chat <br>with them again",0.9375,29,31,20,36,"Extrovert","chat-again",2
11566081,"complete","A","A_1AlexExt_2PatInt","chat-again-pat-quantised",5,"Extrovert first","Introvert","chat-again","alex_ext","I would chat <br>with them again",0.9375,29,31,20,36,"Introvert","chat-again",2
11566142,"complete","A","A_2PatInt_1AlexExt","similar-pat-quantised",4,"Introvert first","Introvert","similar","pat_int","I felt that <br>we are similar",0.75,29,28,15,36,"Introvert","similar",1
11566142,"complete","A","A_2PatInt_1AlexExt","similar-alex-quantised",1,"Introvert first","Extrovert","similar","pat_int","I felt that <br>we are similar",0.75,29,28,15,36,"Extrovert","similar",-2
11566142,"complete","A","A_2PatInt_1AlexExt","enjoy-pat-quantised",4,"Introvert first","Introvert","enjoy","pat_int","I enjoyed our <br>conversation",0.75,29,28,15,36,"Introvert","enjoy",1
11566142,"complete","A","A_2PatInt_1AlexExt","enjoy-alex-quantised",1,"Introvert first","Extrovert","enjoy","pat_int","I enjoyed our <br>conversation",0.75,29,28,15,36,"Extrovert","enjoy",-2
11566142,"complete","A","A_2PatInt_1AlexExt","distant-pat-quantised",2,"Introvert first","Introvert","distant","pat_int","I felt distant <br>from them",0.75,29,28,15,36,"Introvert","distant",1
11566142,"complete","A","A_2PatInt_1AlexExt","distant-alex-quantised",4,"Introvert first","Extrovert","distant","pat_int","I felt distant <br>from them",0.75,29,28,15,36,"Extrovert","distant",-1
11566142,"complete","A","A_2PatInt_1AlexExt","understood-pat-quantised",4,"Introvert first","Introvert","understood","pat_int","I felt that <br>they understood me",0.75,29,28,15,36,"Introvert","understood",1
11566142,"complete","A","A_2PatInt_1AlexExt","understood-alex-quantised",2,"Introvert first","Extrovert","understood","pat_int","I felt that <br>they understood me",0.75,29,28,15,36,"Extrovert","understood",-1
11566142,"complete","A","A_2PatInt_1AlexExt","different-pat-quantised",2,"Introvert first","Introvert","different","pat_int","I felt that they were <br>different from me",0.75,29,28,15,36,"Introvert","different",1
11566142,"complete","A","A_2PatInt_1AlexExt","different-alex-quantised",4,"Introvert first","Extrovert","different","pat_int","I felt that they were <br>different from me",0.75,29,28,15,36,"Extrovert","different",-1
11566142,"complete","A","A_2PatInt_1AlexExt","chat-again-pat-quantised",4,"Introvert first","Introvert","chat-again","pat_int","I would chat <br>with them again",0.75,29,28,15,36,"Introvert","chat-again",1
11566142,"complete","A","A_2PatInt_1AlexExt","chat-again-alex-quantised",2,"Introvert first","Extrovert","chat-again","pat_int","I would chat <br>with them again",0.75,29,28,15,36,"Extrovert","chat-again",-1
11566218,"complete","A","A_2PatInt_1AlexExt","similar-pat-quantised",4,"Introvert first","Introvert","similar","pat_int","I felt that <br>we are similar",0.625,29,35,35,43,"Introvert","similar",1
11566218,"complete","A","A_2PatInt_1AlexExt","similar-alex-quantised",5,"Introvert first","Extrovert","similar","pat_int","I felt that <br>we are similar",0.625,29,35,35,43,"Extrovert","similar",2
11566218,"complete","A","A_2PatInt_1AlexExt","enjoy-pat-quantised",4,"Introvert first","Introvert","enjoy","pat_int","I enjoyed our <br>conversation",0.625,29,35,35,43,"Introvert","enjoy",1
11566218,"complete","A","A_2PatInt_1AlexExt","enjoy-alex-quantised",5,"Introvert first","Extrovert","enjoy","pat_int","I enjoyed our <br>conversation",0.625,29,35,35,43,"Extrovert","enjoy",2
11566218,"complete","A","A_2PatInt_1AlexExt","distant-pat-quantised",2,"Introvert first","Introvert","distant","pat_int","I felt distant <br>from them",0.625,29,35,35,43,"Introvert","distant",1
11566218,"complete","A","A_2PatInt_1AlexExt","distant-alex-quantised",1,"Introvert first","Extrovert","distant","pat_int","I felt distant <br>from them",0.625,29,35,35,43,"Extrovert","distant",2
11566218,"complete","A","A_2PatInt_1AlexExt","understood-pat-quantised",4,"Introvert first","Introvert","understood","pat_int","I felt that <br>they understood me",0.625,29,35,35,43,"Introvert","understood",1
11566218,"complete","A","A_2PatInt_1AlexExt","understood-alex-quantised",5,"Introvert first","Extrovert","understood","pat_int","I felt that <br>they understood me",0.625,29,35,35,43,"Extrovert","understood",2
11566218,"complete","A","A_2PatInt_1AlexExt","different-pat-quantised",2,"Introvert first","Introvert","different","pat_int","I felt that they were <br>different from me",0.625,29,35,35,43,"Introvert","different",1
11566218,"complete","A","A_2PatInt_1AlexExt","different-alex-quantised",1,"Introvert first","Extrovert","different","pat_int","I felt that they were <br>different from me",0.625,29,35,35,43,"Extrovert","different",2
11566218,"complete","A","A_2PatInt_1AlexExt","chat-again-pat-quantised",5,"Introvert first","Introvert","chat-again","pat_int","I would chat <br>with them again",0.625,29,35,35,43,"Introvert","chat-again",2
11566218,"complete","A","A_2PatInt_1AlexExt","chat-again-alex-quantised",5,"Introvert first","Extrovert","chat-again","pat_int","I would chat <br>with them again",0.625,29,35,35,43,"Extrovert","chat-again",2
11580653,"complete","A","A_2PatInt_1AlexExt","similar-pat-quantised",3,"Introvert first","Introvert","similar","pat_int","I felt that <br>we are similar",0.875,24,35,30,45,"Introvert","similar",0
11580653,"complete","A","A_2PatInt_1AlexExt","similar-alex-quantised",2,"Introvert first","Extrovert","similar","pat_int","I felt that <br>we are similar",0.875,24,35,30,45,"Extrovert","similar",-1
11580653,"complete","A","A_2PatInt_1AlexExt","enjoy-pat-quantised",3,"Introvert first","Introvert","enjoy","pat_int","I enjoyed our <br>conversation",0.875,24,35,30,45,"Introvert","enjoy",0
11580653,"complete","A","A_2PatInt_1AlexExt","enjoy-alex-quantised",3,"Introvert first","Extrovert","enjoy","pat_int","I enjoyed our <br>conversation",0.875,24,35,30,45,"Extrovert","enjoy",0
11580653,"complete","A","A_2PatInt_1AlexExt","distant-pat-quantised",4,"Introvert first","Introvert","distant","pat_int","I felt distant <br>from them",0.875,24,35,30,45,"Introvert","distant",-1
11580653,"complete","A","A_2PatInt_1AlexExt","distant-alex-quantised",5,"Introvert first","Extrovert","distant","pat_int","I felt distant <br>from them",0.875,24,35,30,45,"Extrovert","distant",-2
11580653,"complete","A","A_2PatInt_1AlexExt","understood-pat-quantised",2,"Introvert first","Introvert","understood","pat_int","I felt that <br>they understood me",0.875,24,35,30,45,"Introvert","understood",-1
11580653,"complete","A","A_2PatInt_1AlexExt","understood-alex-quantised",2,"Introvert first","Extrovert","understood","pat_int","I felt that <br>they understood me",0.875,24,35,30,45,"Extrovert","understood",-1
11580653,"complete","A","A_2PatInt_1AlexExt","different-pat-quantised",3,"Introvert first","Introvert","different","pat_int","I felt that they were <br>different from me",0.875,24,35,30,45,"Introvert","different",0
11580653,"complete","A","A_2PatInt_1AlexExt","different-alex-quantised",3,"Introvert first","Extrovert","different","pat_int","I felt that they were <br>different from me",0.875,24,35,30,45,"Extrovert","different",0
11580653,"complete","A","A_2PatInt_1AlexExt","chat-again-pat-quantised",2,"Introvert first","Introvert","chat-again","pat_int","I would chat <br>with them again",0.875,24,35,30,45,"Introvert","chat-again",-1
11580653,"complete","A","A_2PatInt_1AlexExt","chat-again-alex-quantised",1,"Introvert first","Extrovert","chat-again","pat_int","I would chat <br>with them again",0.875,24,35,30,45,"Extrovert","chat-again",-2
11580672,"complete","A","A_2PatInt_1AlexExt","similar-pat-quantised",4,"Introvert first","Introvert","similar","pat_int","I felt that <br>we are similar",0.875,25,31,23,36,"Introvert","similar",1
11580672,"complete","A","A_2PatInt_1AlexExt","similar-alex-quantised",5,"Introvert first","Extrovert","similar","pat_int","I felt that <br>we are similar",0.875,25,31,23,36,"Extrovert","similar",2
11580672,"complete","A","A_2PatInt_1AlexExt","enjoy-pat-quantised",4,"Introvert first","Introvert","enjoy","pat_int","I enjoyed our <br>conversation",0.875,25,31,23,36,"Introvert","enjoy",1
11580672,"complete","A","A_2PatInt_1AlexExt","enjoy-alex-quantised",5,"Introvert first","Extrovert","enjoy","pat_int","I enjoyed our <br>conversation",0.875,25,31,23,36,"Extrovert","enjoy",2
11580672,"complete","A","A_2PatInt_1AlexExt","distant-pat-quantised",2,"Introvert first","Introvert","distant","pat_int","I felt distant <br>from them",0.875,25,31,23,36,"Introvert","distant",1
11580672,"complete","A","A_2PatInt_1AlexExt","distant-alex-quantised",1,"Introvert first","Extrovert","distant","pat_int","I felt distant <br>from them",0.875,25,31,23,36,"Extrovert","distant",2
11580672,"complete","A","A_2PatInt_1AlexExt","understood-pat-quantised",4,"Introvert first","Introvert","understood","pat_int","I felt that <br>they understood me",0.875,25,31,23,36,"Introvert","understood",1
11580672,"complete","A","A_2PatInt_1AlexExt","understood-alex-quantised",5,"Introvert first","Extrovert","understood","pat_int","I felt that <br>they understood me",0.875,25,31,23,36,"Extrovert","understood",2
11580672,"complete","A","A_2PatInt_1AlexExt","different-pat-quantised",2,"Introvert first","Introvert","different","pat_int","I felt that they were <br>different from me",0.875,25,31,23,36,"Introvert","different",1
11580672,"complete","A","A_2PatInt_1AlexExt","different-alex-quantised",1,"Introvert first","Extrovert","different","pat_int","I felt that they were <br>different from me",0.875,25,31,23,36,"Extrovert","different",2
11580672,"complete","A","A_2PatInt_1AlexExt","chat-again-pat-quantised",4,"Introvert first","Introvert","chat-again","pat_int","I would chat <br>with them again",0.875,25,31,23,36,"Introvert","chat-again",1
11580672,"complete","A","A_2PatInt_1AlexExt","chat-again-alex-quantised",5,"Introvert first","Extrovert","chat-again","pat_int","I would chat <br>with them again",0.875,25,31,23,36,"Extrovert","chat-again",2
11580907,"complete","A","A_1AlexExt_2PatInt","similar-alex-quantised",5,"Extrovert first","Extrovert","similar","alex_ext","I felt that <br>we are similar",0.8125,29,32,31,37,"Extrovert","similar",2
11580907,"complete","A","A_1AlexExt_2PatInt","similar-pat-quantised",4,"Extrovert first","Introvert","similar","alex_ext","I felt that <br>we are similar",0.8125,29,32,31,37,"Introvert","similar",1
11580907,"complete","A","A_1AlexExt_2PatInt","enjoy-alex-quantised",5,"Extrovert first","Extrovert","enjoy","alex_ext","I enjoyed our <br>conversation",0.8125,29,32,31,37,"Extrovert","enjoy",2
11580907,"complete","A","A_1AlexExt_2PatInt","enjoy-pat-quantised",5,"Extrovert first","Introvert","enjoy","alex_ext","I enjoyed our <br>conversation",0.8125,29,32,31,37,"Introvert","enjoy",2
11580907,"complete","A","A_1AlexExt_2PatInt","distant-alex-quantised",1,"Extrovert first","Extrovert","distant","alex_ext","I felt distant <br>from them",0.8125,29,32,31,37,"Extrovert","distant",2
11580907,"complete","A","A_1AlexExt_2PatInt","distant-pat-quantised",2,"Extrovert first","Introvert","distant","alex_ext","I felt distant <br>from them",0.8125,29,32,31,37,"Introvert","distant",1
11580907,"complete","A","A_1AlexExt_2PatInt","understood-alex-quantised",5,"Extrovert first","Extrovert","understood","alex_ext","I felt that <br>they understood me",0.8125,29,32,31,37,"Extrovert","understood",2
11580907,"complete","A","A_1AlexExt_2PatInt","understood-pat-quantised",4,"Extrovert first","Introvert","understood","alex_ext","I felt that <br>they understood me",0.8125,29,32,31,37,"Introvert","understood",1
11580907,"complete","A","A_1AlexExt_2PatInt","different-alex-quantised",1,"Extrovert first","Extrovert","different","alex_ext","I felt that they were <br>different from me",0.8125,29,32,31,37,"Extrovert","different",2
11580907,"complete","A","A_1AlexExt_2PatInt","different-pat-quantised",2,"Extrovert first","Introvert","different","alex_ext","I felt that they were <br>different from me",0.8125,29,32,31,37,"Introvert","different",1
11580907,"complete","A","A_1AlexExt_2PatInt","chat-again-alex-quantised",5,"Extrovert first","Extrovert","chat-again","alex_ext","I would chat <br>with them again",0.8125,29,32,31,37,"Extrovert","chat-again",2
11580907,"complete","A","A_1AlexExt_2PatInt","chat-again-pat-quantised",4,"Extrovert first","Introvert","chat-again","alex_ext","I would chat <br>with them again",0.8125,29,32,31,37,"Introvert","chat-again",1
11580923,"complete","A","A_1AlexExt_2PatInt","similar-alex-quantised",3,"Extrovert first","Extrovert","similar","alex_ext","I felt that <br>we are similar",0.875,29,29,24,31,"Extrovert","similar",0
11580923,"complete","A","A_1AlexExt_2PatInt","similar-pat-quantised",4,"Extrovert first","Introvert","similar","alex_ext","I felt that <br>we are similar",0.875,29,29,24,31,"Introvert","similar",1
11580923,"complete","A","A_1AlexExt_2PatInt","enjoy-alex-quantised",4,"Extrovert first","Extrovert","enjoy","alex_ext","I enjoyed our <br>conversation",0.875,29,29,24,31,"Extrovert","enjoy",1
11580923,"complete","A","A_1AlexExt_2PatInt","enjoy-pat-quantised",4,"Extrovert first","Introvert","enjoy","alex_ext","I enjoyed our <br>conversation",0.875,29,29,24,31,"Introvert","enjoy",1
11580923,"complete","A","A_1AlexExt_2PatInt","distant-alex-quantised",3,"Extrovert first","Extrovert","distant","alex_ext","I felt distant <br>from them",0.875,29,29,24,31,"Extrovert","distant",0
11580923,"complete","A","A_1AlexExt_2PatInt","distant-pat-quantised",2,"Extrovert first","Introvert","distant","alex_ext","I felt distant <br>from them",0.875,29,29,24,31,"Introvert","distant",1
11580923,"complete","A","A_1AlexExt_2PatInt","understood-alex-quantised",3,"Extrovert first","Extrovert","understood","alex_ext","I felt that <br>they understood me",0.875,29,29,24,31,"Extrovert","understood",0
11580923,"complete","A","A_1AlexExt_2PatInt","understood-pat-quantised",4,"Extrovert first","Introvert","understood","alex_ext","I felt that <br>they understood me",0.875,29,29,24,31,"Introvert","understood",1
11580923,"complete","A","A_1AlexExt_2PatInt","different-alex-quantised",2,"Extrovert first","Extrovert","different","alex_ext","I felt that they were <br>different from me",0.875,29,29,24,31,"Extrovert","different",1
11580923,"complete","A","A_1AlexExt_2PatInt","different-pat-quantised",2,"Extrovert first","Introvert","different","alex_ext","I felt that they were <br>different from me",0.875,29,29,24,31,"Introvert","different",1
11580923,"complete","A","A_1AlexExt_2PatInt","chat-again-alex-quantised",3,"Extrovert first","Extrovert","chat-again","alex_ext","I would chat <br>with them again",0.875,29,29,24,31,"Extrovert","chat-again",0
11580923,"complete","A","A_1AlexExt_2PatInt","chat-again-pat-quantised",4,"Extrovert first","Introvert","chat-again","alex_ext","I would chat <br>with them again",0.875,29,29,24,31,"Introvert","chat-again",1
11580940,"complete","A","A_2PatInt_1AlexExt","similar-pat-quantised",1,"Introvert first","Introvert","similar","pat_int","I felt that <br>we are similar",0.625,26,33,24,35,"Introvert","similar",-2
11580940,"complete","A","A_2PatInt_1AlexExt","similar-alex-quantised",1,"Introvert first","Extrovert","similar","pat_int","I felt that <br>we are similar",0.625,26,33,24,35,"Extrovert","similar",-2
11580940,"complete","A","A_2PatInt_1AlexExt","enjoy-pat-quantised",1,"Introvert first","Introvert","enjoy","pat_int","I enjoyed our <br>conversation",0.625,26,33,24,35,"Introvert","enjoy",-2
11580940,"complete","A","A_2PatInt_1AlexExt","enjoy-alex-quantised",2,"Introvert first","Extrovert","enjoy","pat_int","I enjoyed our <br>conversation",0.625,26,33,24,35,"Extrovert","enjoy",-1
11580940,"complete","A","A_2PatInt_1AlexExt","distant-pat-quantised",5,"Introvert first","Introvert","distant","pat_int","I felt distant <br>from them",0.625,26,33,24,35,"Introvert","distant",-2
11580940,"complete","A","A_2PatInt_1AlexExt","distant-alex-quantised",5,"Introvert first","Extrovert","distant","pat_int","I felt distant <br>from them",0.625,26,33,24,35,"Extrovert","distant",-2
11580940,"complete","A","A_2PatInt_1AlexExt","understood-pat-quantised",1,"Introvert first","Introvert","understood","pat_int","I felt that <br>they understood me",0.625,26,33,24,35,"Introvert","understood",-2
11580940,"complete","A","A_2PatInt_1AlexExt","understood-alex-quantised",2,"Introvert first","Extrovert","understood","pat_int","I felt that <br>they understood me",0.625,26,33,24,35,"Extrovert","understood",-1
11580940,"complete","A","A_2PatInt_1AlexExt","different-pat-quantised",5,"Introvert first","Introvert","different","pat_int","I felt that they were <br>different from me",0.625,26,33,24,35,"Introvert","different",-2
11580940,"complete","A","A_2PatInt_1AlexExt","different-alex-quantised",5,"Introvert first","Extrovert","different","pat_int","I felt that they were <br>different from me",0.625,26,33,24,35,"Extrovert","different",-2
11580940,"complete","A","A_2PatInt_1AlexExt","chat-again-pat-quantised",1,"Introvert first","Introvert","chat-again","pat_int","I would chat <br>with them again",0.625,26,33,24,35,"Introvert","chat-again",-2
11580940,"complete","A","A_2PatInt_1AlexExt","chat-again-alex-quantised",2,"Introvert first","Extrovert","chat-again","pat_int","I would chat <br>with them again",0.625,26,33,24,35,"Extrovert","chat-again",-1
11581134,"complete","A","A_1AlexExt_2PatInt","similar-alex-quantised",4,"Extrovert first","Extrovert","similar","alex_ext","I felt that <br>we are similar",0.875,22,27,18,38,"Extrovert","similar",1
11581134,"complete","A","A_1AlexExt_2PatInt","similar-pat-quantised",4,"Extrovert first","Introvert","similar","alex_ext","I felt that <br>we are similar",0.875,22,27,18,38,"Introvert","similar",1
11581134,"complete","A","A_1AlexExt_2PatInt","enjoy-alex-quantised",4,"Extrovert first","Extrovert","enjoy","alex_ext","I enjoyed our <br>conversation",0.875,22,27,18,38,"Extrovert","enjoy",1
11581134,"complete","A","A_1AlexExt_2PatInt","enjoy-pat-quantised",4,"Extrovert first","Introvert","enjoy","alex_ext","I enjoyed our <br>conversation",0.875,22,27,18,38,"Introvert","enjoy",1
11581134,"complete","A","A_1AlexExt_2PatInt","distant-alex-quantised",2,"Extrovert first","Extrovert","distant","alex_ext","I felt distant <br>from them",0.875,22,27,18,38,"Extrovert","distant",1
11581134,"complete","A","A_1AlexExt_2PatInt","distant-pat-quantised",2,"Extrovert first","Introvert","distant","alex_ext","I felt distant <br>from them",0.875,22,27,18,38,"Introvert","distant",1
11581134,"complete","A","A_1AlexExt_2PatInt","understood-alex-quantised",4,"Extrovert first","Extrovert","understood","alex_ext","I felt that <br>they understood me",0.875,22,27,18,38,"Extrovert","understood",1
11581134,"complete","A","A_1AlexExt_2PatInt","understood-pat-quantised",4,"Extrovert first","Introvert","understood","alex_ext","I felt that <br>they understood me",0.875,22,27,18,38,"Introvert","understood",1
11581134,"complete","A","A_1AlexExt_2PatInt","different-alex-quantised",2,"Extrovert first","Extrovert","different","alex_ext","I felt that they were <br>different from me",0.875,22,27,18,38,"Extrovert","different",1
11581134,"complete","A","A_1AlexExt_2PatInt","different-pat-quantised",3,"Extrovert first","Introvert","different","alex_ext","I felt that they were <br>different from me",0.875,22,27,18,38,"Introvert","different",0
11581134,"complete","A","A_1AlexExt_2PatInt","chat-again-alex-quantised",4,"Extrovert first","Extrovert","chat-again","alex_ext","I would chat <br>with them again",0.875,22,27,18,38,"Extrovert","chat-again",1
11581134,"complete","A","A_1AlexExt_2PatInt","chat-again-pat-quantised",4,"Extrovert first","Introvert","chat-again","alex_ext","I would chat <br>with them again",0.875,22,27,18,38,"Introvert","chat-again",1
11581555,"complete","A","A_1AlexExt_2PatInt","similar-alex-quantised",3,"Extrovert first","Extrovert","similar","alex_ext","I felt that <br>we are similar",0.71875,26,32,24,44,"Extrovert","similar",0
11581555,"complete","A","A_1AlexExt_2PatInt","similar-pat-quantised",2,"Extrovert first","Introvert","similar","alex_ext","I felt that <br>we are similar",0.71875,26,32,24,44,"Introvert","similar",-1
11581555,"complete","A","A_1AlexExt_2PatInt","enjoy-alex-quantised",4,"Extrovert first","Extrovert","enjoy","alex_ext","I enjoyed our <br>conversation",0.71875,26,32,24,44,"Extrovert","enjoy",1
11581555,"complete","A","A_1AlexExt_2PatInt","enjoy-pat-quantised",3,"Extrovert first","Introvert","enjoy","alex_ext","I enjoyed our <br>conversation",0.71875,26,32,24,44,"Introvert","enjoy",0
11581555,"complete","A","A_1AlexExt_2PatInt","distant-alex-quantised",2,"Extrovert first","Extrovert","distant","alex_ext","I felt distant <br>from them",0.71875,26,32,24,44,"Extrovert","distant",1
11581555,"complete","A","A_1AlexExt_2PatInt","distant-pat-quantised",3,"Extrovert first","Introvert","distant","alex_ext","I felt distant <br>from them",0.71875,26,32,24,44,"Introvert","distant",0
11581555,"complete","A","A_1AlexExt_2PatInt","understood-alex-quantised",4,"Extrovert first","Extrovert","understood","alex_ext","I felt that <br>they understood me",0.71875,26,32,24,44,"Extrovert","understood",1
11581555,"complete","A","A_1AlexExt_2PatInt","understood-pat-quantised",3,"Extrovert first","Introvert","understood","alex_ext","I felt that <br>they understood me",0.71875,26,32,24,44,"Introvert","understood",0
11581555,"complete","A","A_1AlexExt_2PatInt","different-alex-quantised",3,"Extrovert first","Extrovert","different","alex_ext","I felt that they were <br>different from me",0.71875,26,32,24,44,"Extrovert","different",0
11581555,"complete","A","A_1AlexExt_2PatInt","different-pat-quantised",4,"Extrovert first","Introvert","different","alex_ext","I felt that they were <br>different from me",0.71875,26,32,24,44,"Introvert","different",-1
11581555,"complete","A","A_1AlexExt_2PatInt","chat-again-alex-quantised",5,"Extrovert first","Extrovert","chat-again","alex_ext","I would chat <br>with them again",0.71875,26,32,24,44,"Extrovert","chat-again",2
11581555,"complete","A","A_1AlexExt_2PatInt","chat-again-pat-quantised",3,"Extrovert first","Introvert","chat-again","alex_ext","I would chat <br>with them again",0.71875,26,32,24,44,"Introvert","chat-again",0
11581620,"complete","A","A_2PatInt_1AlexExt","similar-pat-quantised",3,"Introvert first","Introvert","similar","pat_int","I felt that <br>we are similar",0.8125,28,28,25,37,"Introvert","similar",0
11581620,"complete","A","A_2PatInt_1AlexExt","similar-alex-quantised",2,"Introvert first","Extrovert","similar","pat_int","I felt that <br>we are similar",0.8125,28,28,25,37,"Extrovert","similar",-1
11581620,"complete","A","A_2PatInt_1AlexExt","enjoy-pat-quantised",3,"Introvert first","Introvert","enjoy","pat_int","I enjoyed our <br>conversation",0.8125,28,28,25,37,"Introvert","enjoy",0
11581620,"complete","A","A_2PatInt_1AlexExt","enjoy-alex-quantised",4,"Introvert first","Extrovert","enjoy","pat_int","I enjoyed our <br>conversation",0.8125,28,28,25,37,"Extrovert","enjoy",1
11581620,"complete","A","A_2PatInt_1AlexExt","distant-pat-quantised",4,"Introvert first","Introvert","distant","pat_int","I felt distant <br>from them",0.8125,28,28,25,37,"Introvert","distant",-1
11581620,"complete","A","A_2PatInt_1AlexExt","distant-alex-quantised",2,"Introvert first","Extrovert","distant","pat_int","I felt distant <br>from them",0.8125,28,28,25,37,"Extrovert","distant",1
11581620,"complete","A","A_2PatInt_1AlexExt","understood-pat-quantised",4,"Introvert first","Introvert","understood","pat_int","I felt that <br>they understood me",0.8125,28,28,25,37,"Introvert","understood",1
11581620,"complete","A","A_2PatInt_1AlexExt","understood-alex-quantised",4,"Introvert first","Extrovert","understood","pat_int","I felt that <br>they understood me",0.8125,28,28,25,37,"Extrovert","understood",1
11581620,"complete","A","A_2PatInt_1AlexExt","different-pat-quantised",4,"Introvert first","Introvert","different","pat_int","I felt that they were <br>different from me",0.8125,28,28,25,37,"Introvert","different",-1
11581620,"complete","A","A_2PatInt_1AlexExt","different-alex-quantised",4,"Introvert first","Extrovert","different","pat_int","I felt that they were <br>different from me",0.8125,28,28,25,37,"Extrovert","different",-1
11581620,"complete","A","A_2PatInt_1AlexExt","chat-again-pat-quantised",2,"Introvert first","Introvert","chat-again","pat_int","I would chat <br>with them again",0.8125,28,28,25,37,"Introvert","chat-again",-1
11581620,"complete","A","A_2PatInt_1AlexExt","chat-again-alex-quantised",4,"Introvert first","Extrovert","chat-again","pat_int","I would chat <br>with them again",0.8125,28,28,25,37,"Extrovert","chat-again",1
11602380,"complete","A","A_1AlexExt_2PatInt","similar-alex-quantised",4,"Extrovert first","Extrovert","similar","alex_ext","I felt that <br>we are similar",1,30,29,22,39,"Extrovert","similar",1
11602380,"complete","A","A_1AlexExt_2PatInt","similar-pat-quantised",3,"Extrovert first","Introvert","similar","alex_ext","I felt that <br>we are similar",1,30,29,22,39,"Introvert","similar",0
11602380,"complete","A","A_1AlexExt_2PatInt","enjoy-alex-quantised",4,"Extrovert first","Extrovert","enjoy","alex_ext","I enjoyed our <br>conversation",1,30,29,22,39,"Extrovert","enjoy",1
11602380,"complete","A","A_1AlexExt_2PatInt","enjoy-pat-quantised",4,"Extrovert first","Introvert","enjoy","alex_ext","I enjoyed our <br>conversation",1,30,29,22,39,"Introvert","enjoy",1
11602380,"complete","A","A_1AlexExt_2PatInt","distant-alex-quantised",2,"Extrovert first","Extrovert","distant","alex_ext","I felt distant <br>from them",1,30,29,22,39,"Extrovert","distant",1
11602380,"complete","A","A_1AlexExt_2PatInt","distant-pat-quantised",3,"Extrovert first","Introvert","distant","alex_ext","I felt distant <br>from them",1,30,29,22,39,"Introvert","distant",0
11602380,"complete","A","A_1AlexExt_2PatInt","understood-alex-quantised",4,"Extrovert first","Extrovert","understood","alex_ext","I felt that <br>they understood me",1,30,29,22,39,"Extrovert","understood",1
11602380,"complete","A","A_1AlexExt_2PatInt","understood-pat-quantised",3,"Extrovert first","Introvert","understood","alex_ext","I felt that <br>they understood me",1,30,29,22,39,"Introvert","understood",0
11602380,"complete","A","A_1AlexExt_2PatInt","different-alex-quantised",2,"Extrovert first","Extrovert","different","alex_ext","I felt that they were <br>different from me",1,30,29,22,39,"Extrovert","different",1
11602380,"complete","A","A_1AlexExt_2PatInt","different-pat-quantised",4,"Extrovert first","Introvert","different","alex_ext","I felt that they were <br>different from me",1,30,29,22,39,"Introvert","different",-1
11602380,"complete","A","A_1AlexExt_2PatInt","chat-again-alex-quantised",4,"Extrovert first","Extrovert","chat-again","alex_ext","I would chat <br>with them again",1,30,29,22,39,"Extrovert","chat-again",1
11602380,"complete","A","A_1AlexExt_2PatInt","chat-again-pat-quantised",3,"Extrovert first","Introvert","chat-again","alex_ext","I would chat <br>with them again",1,30,29,22,39,"Introvert","chat-again",0
11650702,"complete","B","B_1PatExt_2AlexInt","similar-pat-quantised",2,"Introvert first","Extrovert","similar","pat_ext","I felt that <br>we are similar",0.90625,20,27,20,38,"Extrovert","similar",-1
11650702,"complete","B","B_1PatExt_2AlexInt","similar-alex-quantised",2,"Introvert first","Introvert","similar","pat_ext","I felt that <br>we are similar",0.90625,20,27,20,38,"Introvert","similar",-1
11650702,"complete","B","B_1PatExt_2AlexInt","enjoy-pat-quantised",3,"Introvert first","Extrovert","enjoy","pat_ext","I enjoyed our <br>conversation",0.90625,20,27,20,38,"Extrovert","enjoy",0
11650702,"complete","B","B_1PatExt_2AlexInt","enjoy-alex-quantised",3,"Introvert first","Introvert","enjoy","pat_ext","I enjoyed our <br>conversation",0.90625,20,27,20,38,"Introvert","enjoy",0
11650702,"complete","B","B_1PatExt_2AlexInt","distant-pat-quantised",4,"Introvert first","Extrovert","distant","pat_ext","I felt distant <br>from them",0.90625,20,27,20,38,"Extrovert","distant",-1
11650702,"complete","B","B_1PatExt_2AlexInt","distant-alex-quantised",4,"Introvert first","Introvert","distant","pat_ext","I felt distant <br>from them",0.90625,20,27,20,38,"Introvert","distant",-1
11650702,"complete","B","B_1PatExt_2AlexInt","understood-pat-quantised",1,"Introvert first","Extrovert","understood","pat_ext","I felt that <br>they understood me",0.90625,20,27,20,38,"Extrovert","understood",-2
11650702,"complete","B","B_1PatExt_2AlexInt","understood-alex-quantised",1,"Introvert first","Introvert","understood","pat_ext","I felt that <br>they understood me",0.90625,20,27,20,38,"Introvert","understood",-2
11650702,"complete","B","B_1PatExt_2AlexInt","different-pat-quantised",5,"Introvert first","Extrovert","different","pat_ext","I felt that they were <br>different from me",0.90625,20,27,20,38,"Extrovert","different",-2
11650702,"complete","B","B_1PatExt_2AlexInt","different-alex-quantised",5,"Introvert first","Introvert","different","pat_ext","I felt that they were <br>different from me",0.90625,20,27,20,38,"Introvert","different",-2
11650702,"complete","B","B_1PatExt_2AlexInt","chat-again-pat-quantised",2,"Introvert first","Extrovert","chat-again","pat_ext","I would chat <br>with them again",0.90625,20,27,20,38,"Extrovert","chat-again",-1
11650702,"complete","B","B_1PatExt_2AlexInt","chat-again-alex-quantised",2,"Introvert first","Introvert","chat-again","pat_ext","I would chat <br>with them again",0.90625,20,27,20,38,"Introvert","chat-again",-1
11651220,"complete","B","B_1PatExt_2AlexInt","similar-pat-quantised",4,"Introvert first","Extrovert","similar","pat_ext","I felt that <br>we are similar",0.8125,27,38,29,32,"Extrovert","similar",1
11651220,"complete","B","B_1PatExt_2AlexInt","similar-alex-quantised",1,"Introvert first","Introvert","similar","pat_ext","I felt that <br>we are similar",0.8125,27,38,29,32,"Introvert","similar",-2
11651220,"complete","B","B_1PatExt_2AlexInt","enjoy-pat-quantised",5,"Introvert first","Extrovert","enjoy","pat_ext","I enjoyed our <br>conversation",0.8125,27,38,29,32,"Extrovert","enjoy",2
11651220,"complete","B","B_1PatExt_2AlexInt","enjoy-alex-quantised",1,"Introvert first","Introvert","enjoy","pat_ext","I enjoyed our <br>conversation",0.8125,27,38,29,32,"Introvert","enjoy",-2
11651220,"complete","B","B_1PatExt_2AlexInt","distant-pat-quantised",1,"Introvert first","Extrovert","distant","pat_ext","I felt distant <br>from them",0.8125,27,38,29,32,"Extrovert","distant",2
11651220,"complete","B","B_1PatExt_2AlexInt","distant-alex-quantised",5,"Introvert first","Introvert","distant","pat_ext","I felt distant <br>from them",0.8125,27,38,29,32,"Introvert","distant",-2
11651220,"complete","B","B_1PatExt_2AlexInt","understood-pat-quantised",4,"Introvert first","Extrovert","understood","pat_ext","I felt that <br>they understood me",0.8125,27,38,29,32,"Extrovert","understood",1
11651220,"complete","B","B_1PatExt_2AlexInt","understood-alex-quantised",2,"Introvert first","Introvert","understood","pat_ext","I felt that <br>they understood me",0.8125,27,38,29,32,"Introvert","understood",-1
11651220,"complete","B","B_1PatExt_2AlexInt","different-pat-quantised",1,"Introvert first","Extrovert","different","pat_ext","I felt that they were <br>different from me",0.8125,27,38,29,32,"Extrovert","different",2
11651220,"complete","B","B_1PatExt_2AlexInt","different-alex-quantised",4,"Introvert first","Introvert","different","pat_ext","I felt that they were <br>different from me",0.8125,27,38,29,32,"Introvert","different",-1
11651220,"complete","B","B_1PatExt_2AlexInt","chat-again-pat-quantised",4,"Introvert first","Extrovert","chat-again","pat_ext","I would chat <br>with them again",0.8125,27,38,29,32,"Extrovert","chat-again",1
11651220,"complete","B","B_1PatExt_2AlexInt","chat-again-alex-quantised",1,"Introvert first","Introvert","chat-again","pat_ext","I would chat <br>with them again",0.8125,27,38,29,32,"Introvert","chat-again",-2
11651466,"complete","B","B_2AlexInt_1PatExt","similar-alex-quantised",5,"Extrovert first","Introvert","similar","alex_int","I felt that <br>we are similar",0.8125,25,36,26,41,"Introvert","similar",2
11651466,"complete","B","B_2AlexInt_1PatExt","similar-pat-quantised",3,"Extrovert first","Extrovert","similar","alex_int","I felt that <br>we are similar",0.8125,25,36,26,41,"Extrovert","similar",0
11651466,"complete","B","B_2AlexInt_1PatExt","enjoy-alex-quantised",5,"Extrovert first","Introvert","enjoy","alex_int","I enjoyed our <br>conversation",0.8125,25,36,26,41,"Introvert","enjoy",2
11651466,"complete","B","B_2AlexInt_1PatExt","enjoy-pat-quantised",4,"Extrovert first","Extrovert","enjoy","alex_int","I enjoyed our <br>conversation",0.8125,25,36,26,41,"Extrovert","enjoy",1
11651466,"complete","B","B_2AlexInt_1PatExt","distant-alex-quantised",2,"Extrovert first","Introvert","distant","alex_int","I felt distant <br>from them",0.8125,25,36,26,41,"Introvert","distant",1
11651466,"complete","B","B_2AlexInt_1PatExt","distant-pat-quantised",3,"Extrovert first","Extrovert","distant","alex_int","I felt distant <br>from them",0.8125,25,36,26,41,"Extrovert","distant",0
11651466,"complete","B","B_2AlexInt_1PatExt","understood-alex-quantised",5,"Extrovert first","Introvert","understood","alex_int","I felt that <br>they understood me",0.8125,25,36,26,41,"Introvert","understood",2
11651466,"complete","B","B_2AlexInt_1PatExt","understood-pat-quantised",3,"Extrovert first","Extrovert","understood","alex_int","I felt that <br>they understood me",0.8125,25,36,26,41,"Extrovert","understood",0
11651466,"complete","B","B_2AlexInt_1PatExt","different-alex-quantised",2,"Extrovert first","Introvert","different","alex_int","I felt that they were <br>different from me",0.8125,25,36,26,41,"Introvert","different",1
11651466,"complete","B","B_2AlexInt_1PatExt","different-pat-quantised",3,"Extrovert first","Extrovert","different","alex_int","I felt that they were <br>different from me",0.8125,25,36,26,41,"Extrovert","different",0
11651466,"complete","B","B_2AlexInt_1PatExt","chat-again-alex-quantised",5,"Extrovert first","Introvert","chat-again","alex_int","I would chat <br>with them again",0.8125,25,36,26,41,"Introvert","chat-again",2
11651466,"complete","B","B_2AlexInt_1PatExt","chat-again-pat-quantised",3,"Extrovert first","Extrovert","chat-again","alex_int","I would chat <br>with them again",0.8125,25,36,26,41,"Extrovert","chat-again",0
11651689,"complete","B","B_1PatExt_2AlexInt","similar-pat-quantised",5,"Introvert first","Extrovert","similar","pat_ext","I felt that <br>we are similar",0.90625,29,29,22,44,"Extrovert","similar",2
11651689,"complete","B","B_1PatExt_2AlexInt","similar-alex-quantised",5,"Introvert first","Introvert","similar","pat_ext","I felt that <br>we are similar",0.90625,29,29,22,44,"Introvert","similar",2
11651689,"complete","B","B_1PatExt_2AlexInt","enjoy-pat-quantised",5,"Introvert first","Extrovert","enjoy","pat_ext","I enjoyed our <br>conversation",0.90625,29,29,22,44,"Extrovert","enjoy",2
11651689,"complete","B","B_1PatExt_2AlexInt","enjoy-alex-quantised",5,"Introvert first","Introvert","enjoy","pat_ext","I enjoyed our <br>conversation",0.90625,29,29,22,44,"Introvert","enjoy",2
11651689,"complete","B","B_1PatExt_2AlexInt","distant-pat-quantised",1,"Introvert first","Extrovert","distant","pat_ext","I felt distant <br>from them",0.90625,29,29,22,44,"Extrovert","distant",2
11651689,"complete","B","B_1PatExt_2AlexInt","distant-alex-quantised",1,"Introvert first","Introvert","distant","pat_ext","I felt distant <br>from them",0.90625,29,29,22,44,"Introvert","distant",2
11651689,"complete","B","B_1PatExt_2AlexInt","understood-pat-quantised",5,"Introvert first","Extrovert","understood","pat_ext","I felt that <br>they understood me",0.90625,29,29,22,44,"Extrovert","understood",2
11651689,"complete","B","B_1PatExt_2AlexInt","understood-alex-quantised",5,"Introvert first","Introvert","understood","pat_ext","I felt that <br>they understood me",0.90625,29,29,22,44,"Introvert","understood",2
11651689,"complete","B","B_1PatExt_2AlexInt","different-pat-quantised",2,"Introvert first","Extrovert","different","pat_ext","I felt that they were <br>different from me",0.90625,29,29,22,44,"Extrovert","different",1
11651689,"complete","B","B_1PatExt_2AlexInt","different-alex-quantised",2,"Introvert first","Introvert","different","pat_ext","I felt that they were <br>different from me",0.90625,29,29,22,44,"Introvert","different",1
11651689,"complete","B","B_1PatExt_2AlexInt","chat-again-pat-quantised",5,"Introvert first","Extrovert","chat-again","pat_ext","I would chat <br>with them again",0.90625,29,29,22,44,"Extrovert","chat-again",2
11651689,"complete","B","B_1PatExt_2AlexInt","chat-again-alex-quantised",5,"Introvert first","Introvert","chat-again","pat_ext","I would chat <br>with them again",0.90625,29,29,22,44,"Introvert","chat-again",2
11652569,"complete","B","B_1PatExt_2AlexInt","similar-pat-quantised",2,"Introvert first","Extrovert","similar","pat_ext","I felt that <br>we are similar",0.75,37,37,28,19,"Extrovert","similar",-1
11652569,"complete","B","B_1PatExt_2AlexInt","similar-alex-quantised",4,"Introvert first","Introvert","similar","pat_ext","I felt that <br>we are similar",0.75,37,37,28,19,"Introvert","similar",1
11652569,"complete","B","B_1PatExt_2AlexInt","enjoy-pat-quantised",2,"Introvert first","Extrovert","enjoy","pat_ext","I enjoyed our <br>conversation",0.75,37,37,28,19,"Extrovert","enjoy",-1
11652569,"complete","B","B_1PatExt_2AlexInt","enjoy-alex-quantised",5,"Introvert first","Introvert","enjoy","pat_ext","I enjoyed our <br>conversation",0.75,37,37,28,19,"Introvert","enjoy",2
11652569,"complete","B","B_1PatExt_2AlexInt","distant-pat-quantised",2,"Introvert first","Extrovert","distant","pat_ext","I felt distant <br>from them",0.75,37,37,28,19,"Extrovert","distant",1
11652569,"complete","B","B_1PatExt_2AlexInt","distant-alex-quantised",5,"Introvert first","Introvert","distant","pat_ext","I felt distant <br>from them",0.75,37,37,28,19,"Introvert","distant",-2
11652569,"complete","B","B_1PatExt_2AlexInt","understood-pat-quantised",2,"Introvert first","Extrovert","understood","pat_ext","I felt that <br>they understood me",0.75,37,37,28,19,"Extrovert","understood",-1
11652569,"complete","B","B_1PatExt_2AlexInt","understood-alex-quantised",5,"Introvert first","Introvert","understood","pat_ext","I felt that <br>they understood me",0.75,37,37,28,19,"Introvert","understood",2
11652569,"complete","B","B_1PatExt_2AlexInt","different-pat-quantised",2,"Introvert first","Extrovert","different","pat_ext","I felt that they were <br>different from me",0.75,37,37,28,19,"Extrovert","different",1
11652569,"complete","B","B_1PatExt_2AlexInt","different-alex-quantised",5,"Introvert first","Introvert","different","pat_ext","I felt that they were <br>different from me",0.75,37,37,28,19,"Introvert","different",-2
11652569,"complete","B","B_1PatExt_2AlexInt","chat-again-pat-quantised",4,"Introvert first","Extrovert","chat-again","pat_ext","I would chat <br>with them again",0.75,37,37,28,19,"Extrovert","chat-again",1
11652569,"complete","B","B_1PatExt_2AlexInt","chat-again-alex-quantised",5,"Introvert first","Introvert","chat-again","pat_ext","I would chat <br>with them again",0.75,37,37,28,19,"Introvert","chat-again",2
11652658,"complete","B","B_2AlexInt_1PatExt","similar-alex-quantised",2,"Extrovert first","Introvert","similar","alex_int","I felt that <br>we are similar",0.75,28,30,25,43,"Introvert","similar",-1
11652658,"complete","B","B_2AlexInt_1PatExt","similar-pat-quantised",4,"Extrovert first","Extrovert","similar","alex_int","I felt that <br>we are similar",0.75,28,30,25,43,"Extrovert","similar",1
11652658,"complete","B","B_2AlexInt_1PatExt","enjoy-alex-quantised",3,"Extrovert first","Introvert","enjoy","alex_int","I enjoyed our <br>conversation",0.75,28,30,25,43,"Introvert","enjoy",0
11652658,"complete","B","B_2AlexInt_1PatExt","enjoy-pat-quantised",4,"Extrovert first","Extrovert","enjoy","alex_int","I enjoyed our <br>conversation",0.75,28,30,25,43,"Extrovert","enjoy",1
11652658,"complete","B","B_2AlexInt_1PatExt","distant-alex-quantised",5,"Extrovert first","Introvert","distant","alex_int","I felt distant <br>from them",0.75,28,30,25,43,"Introvert","distant",-2
11652658,"complete","B","B_2AlexInt_1PatExt","distant-pat-quantised",2,"Extrovert first","Extrovert","distant","alex_int","I felt distant <br>from them",0.75,28,30,25,43,"Extrovert","distant",1
11652658,"complete","B","B_2AlexInt_1PatExt","understood-alex-quantised",2,"Extrovert first","Introvert","understood","alex_int","I felt that <br>they understood me",0.75,28,30,25,43,"Introvert","understood",-1
11652658,"complete","B","B_2AlexInt_1PatExt","understood-pat-quantised",4,"Extrovert first","Extrovert","understood","alex_int","I felt that <br>they understood me",0.75,28,30,25,43,"Extrovert","understood",1
11652658,"complete","B","B_2AlexInt_1PatExt","different-alex-quantised",4,"Extrovert first","Introvert","different","alex_int","I felt that they were <br>different from me",0.75,28,30,25,43,"Introvert","different",-1
11652658,"complete","B","B_2AlexInt_1PatExt","different-pat-quantised",2,"Extrovert first","Extrovert","different","alex_int","I felt that they were <br>different from me",0.75,28,30,25,43,"Extrovert","different",1
11652658,"complete","B","B_2AlexInt_1PatExt","chat-again-alex-quantised",2,"Extrovert first","Introvert","chat-again","alex_int","I would chat <br>with them again",0.75,28,30,25,43,"Introvert","chat-again",-1
11652658,"complete","B","B_2AlexInt_1PatExt","chat-again-pat-quantised",4,"Extrovert first","Extrovert","chat-again","alex_int","I would chat <br>with them again",0.75,28,30,25,43,"Extrovert","chat-again",1
11652702,"complete","B","B_2AlexInt_1PatExt","similar-alex-quantised",4,"Extrovert first","Introvert","similar","alex_int","I felt that <br>we are similar",0.6875,25,30,23,42,"Introvert","similar",1
11652702,"complete","B","B_2AlexInt_1PatExt","similar-pat-quantised",2,"Extrovert first","Extrovert","similar","alex_int","I felt that <br>we are similar",0.6875,25,30,23,42,"Extrovert","similar",-1
11652702,"complete","B","B_2AlexInt_1PatExt","enjoy-alex-quantised",4,"Extrovert first","Introvert","enjoy","alex_int","I enjoyed our <br>conversation",0.6875,25,30,23,42,"Introvert","enjoy",1
11652702,"complete","B","B_2AlexInt_1PatExt","enjoy-pat-quantised",4,"Extrovert first","Extrovert","enjoy","alex_int","I enjoyed our <br>conversation",0.6875,25,30,23,42,"Extrovert","enjoy",1
11652702,"complete","B","B_2AlexInt_1PatExt","distant-alex-quantised",2,"Extrovert first","Introvert","distant","alex_int","I felt distant <br>from them",0.6875,25,30,23,42,"Introvert","distant",1
11652702,"complete","B","B_2AlexInt_1PatExt","distant-pat-quantised",2,"Extrovert first","Extrovert","distant","alex_int","I felt distant <br>from them",0.6875,25,30,23,42,"Extrovert","distant",1
11652702,"complete","B","B_2AlexInt_1PatExt","understood-alex-quantised",4,"Extrovert first","Introvert","understood","alex_int","I felt that <br>they understood me",0.6875,25,30,23,42,"Introvert","understood",1
11652702,"complete","B","B_2AlexInt_1PatExt","understood-pat-quantised",3,"Extrovert first","Extrovert","understood","alex_int","I felt that <br>they understood me",0.6875,25,30,23,42,"Extrovert","understood",0
11652702,"complete","B","B_2AlexInt_1PatExt","different-alex-quantised",3,"Extrovert first","Introvert","different","alex_int","I felt that they were <br>different from me",0.6875,25,30,23,42,"Introvert","different",0
11652702,"complete","B","B_2AlexInt_1PatExt","different-pat-quantised",4,"Extrovert first","Extrovert","different","alex_int","I felt that they were <br>different from me",0.6875,25,30,23,42,"Extrovert","different",-1
11652702,"complete","B","B_2AlexInt_1PatExt","chat-again-alex-quantised",4,"Extrovert first","Introvert","chat-again","alex_int","I would chat <br>with them again",0.6875,25,30,23,42,"Introvert","chat-again",1
11652702,"complete","B","B_2AlexInt_1PatExt","chat-again-pat-quantised",3,"Extrovert first","Extrovert","chat-again","alex_int","I would chat <br>with them again",0.6875,25,30,23,42,"Extrovert","chat-again",0
11652900,"complete","B","B_1PatExt_2AlexInt","similar-pat-quantised",1,"Introvert first","Extrovert","similar","pat_ext","I felt that <br>we are similar",0.75,24,37,28,31,"Extrovert","similar",-2
11652900,"complete","B","B_1PatExt_2AlexInt","similar-alex-quantised",5,"Introvert first","Introvert","similar","pat_ext","I felt that <br>we are similar",0.75,24,37,28,31,"Introvert","similar",2
11652900,"complete","B","B_1PatExt_2AlexInt","enjoy-pat-quantised",2,"Introvert first","Extrovert","enjoy","pat_ext","I enjoyed our <br>conversation",0.75,24,37,28,31,"Extrovert","enjoy",-1
11652900,"complete","B","B_1PatExt_2AlexInt","enjoy-alex-quantised",5,"Introvert first","Introvert","enjoy","pat_ext","I enjoyed our <br>conversation",0.75,24,37,28,31,"Introvert","enjoy",2
11652900,"complete","B","B_1PatExt_2AlexInt","distant-pat-quantised",3,"Introvert first","Extrovert","distant","pat_ext","I felt distant <br>from them",0.75,24,37,28,31,"Extrovert","distant",0
11652900,"complete","B","B_1PatExt_2AlexInt","distant-alex-quantised",2,"Introvert first","Introvert","distant","pat_ext","I felt distant <br>from them",0.75,24,37,28,31,"Introvert","distant",1
11652900,"complete","B","B_1PatExt_2AlexInt","understood-pat-quantised",2,"Introvert first","Extrovert","understood","pat_ext","I felt that <br>they understood me",0.75,24,37,28,31,"Extrovert","understood",-1
11652900,"complete","B","B_1PatExt_2AlexInt","understood-alex-quantised",5,"Introvert first","Introvert","understood","pat_ext","I felt that <br>they understood me",0.75,24,37,28,31,"Introvert","understood",2
11652900,"complete","B","B_1PatExt_2AlexInt","different-pat-quantised",5,"Introvert first","Extrovert","different","pat_ext","I felt that they were <br>different from me",0.75,24,37,28,31,"Extrovert","different",-2
11652900,"complete","B","B_1PatExt_2AlexInt","different-alex-quantised",2,"Introvert first","Introvert","different","pat_ext","I felt that they were <br>different from me",0.75,24,37,28,31,"Introvert","different",1
11652900,"complete","B","B_1PatExt_2AlexInt","chat-again-pat-quantised",1,"Introvert first","Extrovert","chat-again","pat_ext","I would chat <br>with them again",0.75,24,37,28,31,"Extrovert","chat-again",-2
11652900,"complete","B","B_1PatExt_2AlexInt","chat-again-alex-quantised",4,"Introvert first","Introvert","chat-again","pat_ext","I would chat <br>with them again",0.75,24,37,28,31,"Introvert","chat-again",1
11653598,"complete","B","B_2AlexInt_1PatExt","similar-alex-quantised",3,"Extrovert first","Introvert","similar","alex_int","I felt that <br>we are similar",0.78125,29,30,23,39,"Introvert","similar",0
11653598,"complete","B","B_2AlexInt_1PatExt","similar-pat-quantised",3,"Extrovert first","Extrovert","similar","alex_int","I felt that <br>we are similar",0.78125,29,30,23,39,"Extrovert","similar",0
11653598,"complete","B","B_2AlexInt_1PatExt","enjoy-alex-quantised",4,"Extrovert first","Introvert","enjoy","alex_int","I enjoyed our <br>conversation",0.78125,29,30,23,39,"Introvert","enjoy",1
11653598,"complete","B","B_2AlexInt_1PatExt","enjoy-pat-quantised",4,"Extrovert first","Extrovert","enjoy","alex_int","I enjoyed our <br>conversation",0.78125,29,30,23,39,"Extrovert","enjoy",1
11653598,"complete","B","B_2AlexInt_1PatExt","distant-alex-quantised",2,"Extrovert first","Introvert","distant","alex_int","I felt distant <br>from them",0.78125,29,30,23,39,"Introvert","distant",1
11653598,"complete","B","B_2AlexInt_1PatExt","distant-pat-quantised",2,"Extrovert first","Extrovert","distant","alex_int","I felt distant <br>from them",0.78125,29,30,23,39,"Extrovert","distant",1
11653598,"complete","B","B_2AlexInt_1PatExt","understood-alex-quantised",4,"Extrovert first","Introvert","understood","alex_int","I felt that <br>they understood me",0.78125,29,30,23,39,"Introvert","understood",1
11653598,"complete","B","B_2AlexInt_1PatExt","understood-pat-quantised",4,"Extrovert first","Extrovert","understood","alex_int","I felt that <br>they understood me",0.78125,29,30,23,39,"Extrovert","understood",1
11653598,"complete","B","B_2AlexInt_1PatExt","different-alex-quantised",3,"Extrovert first","Introvert","different","alex_int","I felt that they were <br>different from me",0.78125,29,30,23,39,"Introvert","different",0
11653598,"complete","B","B_2AlexInt_1PatExt","different-pat-quantised",3,"Extrovert first","Extrovert","different","alex_int","I felt that they were <br>different from me",0.78125,29,30,23,39,"Extrovert","different",0
11653598,"complete","B","B_2AlexInt_1PatExt","chat-again-alex-quantised",4,"Extrovert first","Introvert","chat-again","alex_int","I would chat <br>with them again",0.78125,29,30,23,39,"Introvert","chat-again",1
11653598,"complete","B","B_2AlexInt_1PatExt","chat-again-pat-quantised",3,"Extrovert first","Extrovert","chat-again","alex_int","I would chat <br>with them again",0.78125,29,30,23,39,"Extrovert","chat-again",0
11665444,"complete","B","B_1PatExt_2AlexInt","similar-pat-quantised",4,"Introvert first","Extrovert","similar","pat_ext","I felt that <br>we are similar",0.65625,37,35,32,25,"Extrovert","similar",1
11665444,"complete","B","B_1PatExt_2AlexInt","similar-alex-quantised",3,"Introvert first","Introvert","similar","pat_ext","I felt that <br>we are similar",0.65625,37,35,32,25,"Introvert","similar",0
11665444,"complete","B","B_1PatExt_2AlexInt","enjoy-pat-quantised",5,"Introvert first","Extrovert","enjoy","pat_ext","I enjoyed our <br>conversation",0.65625,37,35,32,25,"Extrovert","enjoy",2
11665444,"complete","B","B_1PatExt_2AlexInt","enjoy-alex-quantised",5,"Introvert first","Introvert","enjoy","pat_ext","I enjoyed our <br>conversation",0.65625,37,35,32,25,"Introvert","enjoy",2
11665444,"complete","B","B_1PatExt_2AlexInt","distant-pat-quantised",1,"Introvert first","Extrovert","distant","pat_ext","I felt distant <br>from them",0.65625,37,35,32,25,"Extrovert","distant",2
11665444,"complete","B","B_1PatExt_2AlexInt","distant-alex-quantised",1,"Introvert first","Introvert","distant","pat_ext","I felt distant <br>from them",0.65625,37,35,32,25,"Introvert","distant",2
11665444,"complete","B","B_1PatExt_2AlexInt","understood-pat-quantised",5,"Introvert first","Extrovert","understood","pat_ext","I felt that <br>they understood me",0.65625,37,35,32,25,"Extrovert","understood",2
11665444,"complete","B","B_1PatExt_2AlexInt","understood-alex-quantised",5,"Introvert first","Introvert","understood","pat_ext","I felt that <br>they understood me",0.65625,37,35,32,25,"Introvert","understood",2
11665444,"complete","B","B_1PatExt_2AlexInt","different-pat-quantised",2,"Introvert first","Extrovert","different","pat_ext","I felt that they were <br>different from me",0.65625,37,35,32,25,"Extrovert","different",1
11665444,"complete","B","B_1PatExt_2AlexInt","different-alex-quantised",1,"Introvert first","Introvert","different","pat_ext","I felt that they were <br>different from me",0.65625,37,35,32,25,"Introvert","different",2
11665444,"complete","B","B_1PatExt_2AlexInt","chat-again-pat-quantised",5,"Introvert first","Extrovert","chat-again","pat_ext","I would chat <br>with them again",0.65625,37,35,32,25,"Extrovert","chat-again",2
11665444,"complete","B","B_1PatExt_2AlexInt","chat-again-alex-quantised",5,"Introvert first","Introvert","chat-again","pat_ext","I would chat <br>with them again",0.65625,37,35,32,25,"Introvert","chat-again",2
11665450,"complete","B","B_2AlexInt_1PatExt","similar-alex-quantised",5,"Extrovert first","Introvert","similar","alex_int","I felt that <br>we are similar",0.46875,33,42,27,26,"Introvert","similar",2
11665450,"complete","B","B_2AlexInt_1PatExt","similar-pat-quantised",5,"Extrovert first","Extrovert","similar","alex_int","I felt that <br>we are similar",0.46875,33,42,27,26,"Extrovert","similar",2
11665450,"complete","B","B_2AlexInt_1PatExt","enjoy-alex-quantised",5,"Extrovert first","Introvert","enjoy","alex_int","I enjoyed our <br>conversation",0.46875,33,42,27,26,"Introvert","enjoy",2
11665450,"complete","B","B_2AlexInt_1PatExt","enjoy-pat-quantised",5,"Extrovert first","Extrovert","enjoy","alex_int","I enjoyed our <br>conversation",0.46875,33,42,27,26,"Extrovert","enjoy",2
11665450,"complete","B","B_2AlexInt_1PatExt","distant-alex-quantised",2,"Extrovert first","Introvert","distant","alex_int","I felt distant <br>from them",0.46875,33,42,27,26,"Introvert","distant",1
11665450,"complete","B","B_2AlexInt_1PatExt","distant-pat-quantised",1,"Extrovert first","Extrovert","distant","alex_int","I felt distant <br>from them",0.46875,33,42,27,26,"Extrovert","distant",2
11665450,"complete","B","B_2AlexInt_1PatExt","understood-alex-quantised",4,"Extrovert first","Introvert","understood","alex_int","I felt that <br>they understood me",0.46875,33,42,27,26,"Introvert","understood",1
11665450,"complete","B","B_2AlexInt_1PatExt","understood-pat-quantised",5,"Extrovert first","Extrovert","understood","alex_int","I felt that <br>they understood me",0.46875,33,42,27,26,"Extrovert","understood",2
11665450,"complete","B","B_2AlexInt_1PatExt","different-alex-quantised",2,"Extrovert first","Introvert","different","alex_int","I felt that they were <br>different from me",0.46875,33,42,27,26,"Introvert","different",1
11665450,"complete","B","B_2AlexInt_1PatExt","different-pat-quantised",3,"Extrovert first","Extrovert","different","alex_int","I felt that they were <br>different from me",0.46875,33,42,27,26,"Extrovert","different",0
11665450,"complete","B","B_2AlexInt_1PatExt","chat-again-alex-quantised",5,"Extrovert first","Introvert","chat-again","alex_int","I would chat <br>with them again",0.46875,33,42,27,26,"Introvert","chat-again",2
11665450,"complete","B","B_2AlexInt_1PatExt","chat-again-pat-quantised",5,"Extrovert first","Extrovert","chat-again","alex_int","I would chat <br>with them again",0.46875,33,42,27,26,"Extrovert","chat-again",2
11665465,"complete","B","B_1PatExt_2AlexInt","similar-pat-quantised",5,"Introvert first","Extrovert","similar","pat_ext","I felt that <br>we are similar",0.65625,29,29,26,41,"Extrovert","similar",2
11665465,"complete","B","B_1PatExt_2AlexInt","similar-alex-quantised",2,"Introvert first","Introvert","similar","pat_ext","I felt that <br>we are similar",0.65625,29,29,26,41,"Introvert","similar",-1
11665465,"complete","B","B_1PatExt_2AlexInt","enjoy-pat-quantised",5,"Introvert first","Extrovert","enjoy","pat_ext","I enjoyed our <br>conversation",0.65625,29,29,26,41,"Extrovert","enjoy",2
11665465,"complete","B","B_1PatExt_2AlexInt","enjoy-alex-quantised",2,"Introvert first","Introvert","enjoy","pat_ext","I enjoyed our <br>conversation",0.65625,29,29,26,41,"Introvert","enjoy",-1
11665465,"complete","B","B_1PatExt_2AlexInt","distant-pat-quantised",1,"Introvert first","Extrovert","distant","pat_ext","I felt distant <br>from them",0.65625,29,29,26,41,"Extrovert","distant",2
11665465,"complete","B","B_1PatExt_2AlexInt","distant-alex-quantised",5,"Introvert first","Introvert","distant","pat_ext","I felt distant <br>from them",0.65625,29,29,26,41,"Introvert","distant",-2
11665465,"complete","B","B_1PatExt_2AlexInt","understood-pat-quantised",5,"Introvert first","Extrovert","understood","pat_ext","I felt that <br>they understood me",0.65625,29,29,26,41,"Extrovert","understood",2
11665465,"complete","B","B_1PatExt_2AlexInt","understood-alex-quantised",1,"Introvert first","Introvert","understood","pat_ext","I felt that <br>they understood me",0.65625,29,29,26,41,"Introvert","understood",-2
11665465,"complete","B","B_1PatExt_2AlexInt","different-pat-quantised",2,"Introvert first","Extrovert","different","pat_ext","I felt that they were <br>different from me",0.65625,29,29,26,41,"Extrovert","different",1
11665465,"complete","B","B_1PatExt_2AlexInt","different-alex-quantised",4,"Introvert first","Introvert","different","pat_ext","I felt that they were <br>different from me",0.65625,29,29,26,41,"Introvert","different",-1
11665465,"complete","B","B_1PatExt_2AlexInt","chat-again-pat-quantised",5,"Introvert first","Extrovert","chat-again","pat_ext","I would chat <br>with them again",0.65625,29,29,26,41,"Extrovert","chat-again",2
11665465,"complete","B","B_1PatExt_2AlexInt","chat-again-alex-quantised",2,"Introvert first","Introvert","chat-again","pat_ext","I would chat <br>with them again",0.65625,29,29,26,41,"Introvert","chat-again",-1
11665605,"complete","B","B_1PatExt_2AlexInt","similar-pat-quantised",4,"Introvert first","Extrovert","similar","pat_ext","I felt that <br>we are similar",0.71875,28,33,25,36,"Extrovert","similar",1
11665605,"complete","B","B_1PatExt_2AlexInt","similar-alex-quantised",2,"Introvert first","Introvert","similar","pat_ext","I felt that <br>we are similar",0.71875,28,33,25,36,"Introvert","similar",-1
11665605,"complete","B","B_1PatExt_2AlexInt","enjoy-pat-quantised",4,"Introvert first","Extrovert","enjoy","pat_ext","I enjoyed our <br>conversation",0.71875,28,33,25,36,"Extrovert","enjoy",1
11665605,"complete","B","B_1PatExt_2AlexInt","enjoy-alex-quantised",4,"Introvert first","Introvert","enjoy","pat_ext","I enjoyed our <br>conversation",0.71875,28,33,25,36,"Introvert","enjoy",1
11665605,"complete","B","B_1PatExt_2AlexInt","distant-pat-quantised",2,"Introvert first","Extrovert","distant","pat_ext","I felt distant <br>from them",0.71875,28,33,25,36,"Extrovert","distant",1
11665605,"complete","B","B_1PatExt_2AlexInt","distant-alex-quantised",4,"Introvert first","Introvert","distant","pat_ext","I felt distant <br>from them",0.71875,28,33,25,36,"Introvert","distant",-1
11665605,"complete","B","B_1PatExt_2AlexInt","understood-pat-quantised",4,"Introvert first","Extrovert","understood","pat_ext","I felt that <br>they understood me",0.71875,28,33,25,36,"Extrovert","understood",1
11665605,"complete","B","B_1PatExt_2AlexInt","understood-alex-quantised",3,"Introvert first","Introvert","understood","pat_ext","I felt that <br>they understood me",0.71875,28,33,25,36,"Introvert","understood",0
11665605,"complete","B","B_1PatExt_2AlexInt","different-pat-quantised",2,"Introvert first","Extrovert","different","pat_ext","I felt that they were <br>different from me",0.71875,28,33,25,36,"Extrovert","different",1
11665605,"complete","B","B_1PatExt_2AlexInt","different-alex-quantised",4,"Introvert first","Introvert","different","pat_ext","I felt that they were <br>different from me",0.71875,28,33,25,36,"Introvert","different",-1
11665605,"complete","B","B_1PatExt_2AlexInt","chat-again-pat-quantised",4,"Introvert first","Extrovert","chat-again","pat_ext","I would chat <br>with them again",0.71875,28,33,25,36,"Extrovert","chat-again",1
11665605,"complete","B","B_1PatExt_2AlexInt","chat-again-alex-quantised",3,"Introvert first","Introvert","chat-again","pat_ext","I would chat <br>with them again",0.71875,28,33,25,36,"Introvert","chat-again",0
11665637,"complete","B","B_2AlexInt_1PatExt","similar-alex-quantised",2,"Extrovert first","Introvert","similar","alex_int","I felt that <br>we are similar",0.8125,27,28,23,38,"Introvert","similar",-1
11665637,"complete","B","B_2AlexInt_1PatExt","similar-pat-quantised",4,"Extrovert first","Extrovert","similar","alex_int","I felt that <br>we are similar",0.8125,27,28,23,38,"Extrovert","similar",1
11665637,"complete","B","B_2AlexInt_1PatExt","enjoy-alex-quantised",5,"Extrovert first","Introvert","enjoy","alex_int","I enjoyed our <br>conversation",0.8125,27,28,23,38,"Introvert","enjoy",2
11665637,"complete","B","B_2AlexInt_1PatExt","enjoy-pat-quantised",5,"Extrovert first","Extrovert","enjoy","alex_int","I enjoyed our <br>conversation",0.8125,27,28,23,38,"Extrovert","enjoy",2
11665637,"complete","B","B_2AlexInt_1PatExt","distant-alex-quantised",4,"Extrovert first","Introvert","distant","alex_int","I felt distant <br>from them",0.8125,27,28,23,38,"Introvert","distant",-1
11665637,"complete","B","B_2AlexInt_1PatExt","distant-pat-quantised",1,"Extrovert first","Extrovert","distant","alex_int","I felt distant <br>from them",0.8125,27,28,23,38,"Extrovert","distant",2
11665637,"complete","B","B_2AlexInt_1PatExt","understood-alex-quantised",4,"Extrovert first","Introvert","understood","alex_int","I felt that <br>they understood me",0.8125,27,28,23,38,"Introvert","understood",1
11665637,"complete","B","B_2AlexInt_1PatExt","understood-pat-quantised",5,"Extrovert first","Extrovert","understood","alex_int","I felt that <br>they understood me",0.8125,27,28,23,38,"Extrovert","understood",2
11665637,"complete","B","B_2AlexInt_1PatExt","different-alex-quantised",4,"Extrovert first","Introvert","different","alex_int","I felt that they were <br>different from me",0.8125,27,28,23,38,"Introvert","different",-1
11665637,"complete","B","B_2AlexInt_1PatExt","different-pat-quantised",2,"Extrovert first","Extrovert","different","alex_int","I felt that they were <br>different from me",0.8125,27,28,23,38,"Extrovert","different",1
11665637,"complete","B","B_2AlexInt_1PatExt","chat-again-alex-quantised",5,"Extrovert first","Introvert","chat-again","alex_int","I would chat <br>with them again",0.8125,27,28,23,38,"Introvert","chat-again",2
11665637,"complete","B","B_2AlexInt_1PatExt","chat-again-pat-quantised",5,"Extrovert first","Extrovert","chat-again","alex_int","I would chat <br>with them again",0.8125,27,28,23,38,"Extrovert","chat-again",2
11665717,"complete","B","B_2AlexInt_1PatExt","similar-alex-quantised",4,"Extrovert first","Introvert","similar","alex_int","I felt that <br>we are similar",0.8125,29,30,20,39,"Introvert","similar",1
11665717,"complete","B","B_2AlexInt_1PatExt","similar-pat-quantised",5,"Extrovert first","Extrovert","similar","alex_int","I felt that <br>we are similar",0.8125,29,30,20,39,"Extrovert","similar",2
11665717,"complete","B","B_2AlexInt_1PatExt","enjoy-alex-quantised",4,"Extrovert first","Introvert","enjoy","alex_int","I enjoyed our <br>conversation",0.8125,29,30,20,39,"Introvert","enjoy",1
11665717,"complete","B","B_2AlexInt_1PatExt","enjoy-pat-quantised",5,"Extrovert first","Extrovert","enjoy","alex_int","I enjoyed our <br>conversation",0.8125,29,30,20,39,"Extrovert","enjoy",2
11665717,"complete","B","B_2AlexInt_1PatExt","distant-alex-quantised",2,"Extrovert first","Introvert","distant","alex_int","I felt distant <br>from them",0.8125,29,30,20,39,"Introvert","distant",1
11665717,"complete","B","B_2AlexInt_1PatExt","distant-pat-quantised",1,"Extrovert first","Extrovert","distant","alex_int","I felt distant <br>from them",0.8125,29,30,20,39,"Extrovert","distant",2
11665717,"complete","B","B_2AlexInt_1PatExt","understood-alex-quantised",4,"Extrovert first","Introvert","understood","alex_int","I felt that <br>they understood me",0.8125,29,30,20,39,"Introvert","understood",1
11665717,"complete","B","B_2AlexInt_1PatExt","understood-pat-quantised",5,"Extrovert first","Extrovert","understood","alex_int","I felt that <br>they understood me",0.8125,29,30,20,39,"Extrovert","understood",2
11665717,"complete","B","B_2AlexInt_1PatExt","different-alex-quantised",2,"Extrovert first","Introvert","different","alex_int","I felt that they were <br>different from me",0.8125,29,30,20,39,"Introvert","different",1
11665717,"complete","B","B_2AlexInt_1PatExt","different-pat-quantised",1,"Extrovert first","Extrovert","different","alex_int","I felt that they were <br>different from me",0.8125,29,30,20,39,"Extrovert","different",2
11665717,"complete","B","B_2AlexInt_1PatExt","chat-again-alex-quantised",4,"Extrovert first","Introvert","chat-again","alex_int","I would chat <br>with them again",0.8125,29,30,20,39,"Introvert","chat-again",1
11665717,"complete","B","B_2AlexInt_1PatExt","chat-again-pat-quantised",5,"Extrovert first","Extrovert","chat-again","alex_int","I would chat <br>with them again",0.8125,29,30,20,39,"Extrovert","chat-again",2
11665781,"complete","B","B_2AlexInt_1PatExt","similar-alex-quantised",2,"Extrovert first","Introvert","similar","alex_int","I felt that <br>we are similar",0.625,24,25,25,38,"Introvert","similar",-1
11665781,"complete","B","B_2AlexInt_1PatExt","similar-pat-quantised",4,"Extrovert first","Extrovert","similar","alex_int","I felt that <br>we are similar",0.625,24,25,25,38,"Extrovert","similar",1
11665781,"complete","B","B_2AlexInt_1PatExt","enjoy-alex-quantised",4,"Extrovert first","Introvert","enjoy","alex_int","I enjoyed our <br>conversation",0.625,24,25,25,38,"Introvert","enjoy",1
11665781,"complete","B","B_2AlexInt_1PatExt","enjoy-pat-quantised",4,"Extrovert first","Extrovert","enjoy","alex_int","I enjoyed our <br>conversation",0.625,24,25,25,38,"Extrovert","enjoy",1
11665781,"complete","B","B_2AlexInt_1PatExt","distant-alex-quantised",2,"Extrovert first","Introvert","distant","alex_int","I felt distant <br>from them",0.625,24,25,25,38,"Introvert","distant",1
11665781,"complete","B","B_2AlexInt_1PatExt","distant-pat-quantised",2,"Extrovert first","Extrovert","distant","alex_int","I felt distant <br>from them",0.625,24,25,25,38,"Extrovert","distant",1
11665781,"complete","B","B_2AlexInt_1PatExt","understood-alex-quantised",4,"Extrovert first","Introvert","understood","alex_int","I felt that <br>they understood me",0.625,24,25,25,38,"Introvert","understood",1
11665781,"complete","B","B_2AlexInt_1PatExt","understood-pat-quantised",4,"Extrovert first","Extrovert","understood","alex_int","I felt that <br>they understood me",0.625,24,25,25,38,"Extrovert","understood",1
11665781,"complete","B","B_2AlexInt_1PatExt","different-alex-quantised",2,"Extrovert first","Introvert","different","alex_int","I felt that they were <br>different from me",0.625,24,25,25,38,"Introvert","different",1
11665781,"complete","B","B_2AlexInt_1PatExt","different-pat-quantised",2,"Extrovert first","Extrovert","different","alex_int","I felt that they were <br>different from me",0.625,24,25,25,38,"Extrovert","different",1
11665781,"complete","B","B_2AlexInt_1PatExt","chat-again-alex-quantised",4,"Extrovert first","Introvert","chat-again","alex_int","I would chat <br>with them again",0.625,24,25,25,38,"Introvert","chat-again",1
11665781,"complete","B","B_2AlexInt_1PatExt","chat-again-pat-quantised",4,"Extrovert first","Extrovert","chat-again","alex_int","I would chat <br>with them again",0.625,24,25,25,38,"Extrovert","chat-again",1
11665846,"complete","B","B_1PatExt_2AlexInt","similar-pat-quantised",3,"Introvert first","Extrovert","similar","pat_ext","I felt that <br>we are similar",1,31,29,25,31,"Extrovert","similar",0
11665846,"complete","B","B_1PatExt_2AlexInt","similar-alex-quantised",1,"Introvert first","Introvert","similar","pat_ext","I felt that <br>we are similar",1,31,29,25,31,"Introvert","similar",-2
11665846,"complete","B","B_1PatExt_2AlexInt","enjoy-pat-quantised",1,"Introvert first","Extrovert","enjoy","pat_ext","I enjoyed our <br>conversation",1,31,29,25,31,"Extrovert","enjoy",-2
11665846,"complete","B","B_1PatExt_2AlexInt","enjoy-alex-quantised",1,"Introvert first","Introvert","enjoy","pat_ext","I enjoyed our <br>conversation",1,31,29,25,31,"Introvert","enjoy",-2
11665846,"complete","B","B_1PatExt_2AlexInt","distant-pat-quantised",5,"Introvert first","Extrovert","distant","pat_ext","I felt distant <br>from them",1,31,29,25,31,"Extrovert","distant",-2
11665846,"complete","B","B_1PatExt_2AlexInt","distant-alex-quantised",5,"Introvert first","Introvert","distant","pat_ext","I felt distant <br>from them",1,31,29,25,31,"Introvert","distant",-2
11665846,"complete","B","B_1PatExt_2AlexInt","understood-pat-quantised",1,"Introvert first","Extrovert","understood","pat_ext","I felt that <br>they understood me",1,31,29,25,31,"Extrovert","understood",-2
11665846,"complete","B","B_1PatExt_2AlexInt","understood-alex-quantised",1,"Introvert first","Introvert","understood","pat_ext","I felt that <br>they understood me",1,31,29,25,31,"Introvert","understood",-2
11665846,"complete","B","B_1PatExt_2AlexInt","different-pat-quantised",5,"Introvert first","Extrovert","different","pat_ext","I felt that they were <br>different from me",1,31,29,25,31,"Extrovert","different",-2
11665846,"complete","B","B_1PatExt_2AlexInt","different-alex-quantised",5,"Introvert first","Introvert","different","pat_ext","I felt that they were <br>different from me",1,31,29,25,31,"Introvert","different",-2
11665846,"complete","B","B_1PatExt_2AlexInt","chat-again-pat-quantised",1,"Introvert first","Extrovert","chat-again","pat_ext","I would chat <br>with them again",1,31,29,25,31,"Extrovert","chat-again",-2
11665846,"complete","B","B_1PatExt_2AlexInt","chat-again-alex-quantised",1,"Introvert first","Introvert","chat-again","pat_ext","I would chat <br>with them again",1,31,29,25,31,"Introvert","chat-again",-2
11666017,"complete","B","B_2AlexInt_1PatExt","similar-alex-quantised",4,"Extrovert first","Introvert","similar","alex_int","I felt that <br>we are similar",0.78125,32,29,25,37,"Introvert","similar",1
11666017,"complete","B","B_2AlexInt_1PatExt","similar-pat-quantised",4,"Extrovert first","Extrovert","similar","alex_int","I felt that <br>we are similar",0.78125,32,29,25,37,"Extrovert","similar",1
11666017,"complete","B","B_2AlexInt_1PatExt","enjoy-alex-quantised",3,"Extrovert first","Introvert","enjoy","alex_int","I enjoyed our <br>conversation",0.78125,32,29,25,37,"Introvert","enjoy",0
11666017,"complete","B","B_2AlexInt_1PatExt","enjoy-pat-quantised",4,"Extrovert first","Extrovert","enjoy","alex_int","I enjoyed our <br>conversation",0.78125,32,29,25,37,"Extrovert","enjoy",1
11666017,"complete","B","B_2AlexInt_1PatExt","distant-alex-quantised",2,"Extrovert first","Introvert","distant","alex_int","I felt distant <br>from them",0.78125,32,29,25,37,"Introvert","distant",1
11666017,"complete","B","B_2AlexInt_1PatExt","distant-pat-quantised",4,"Extrovert first","Extrovert","distant","alex_int","I felt distant <br>from them",0.78125,32,29,25,37,"Extrovert","distant",-1
11666017,"complete","B","B_2AlexInt_1PatExt","understood-alex-quantised",4,"Extrovert first","Introvert","understood","alex_int","I felt that <br>they understood me",0.78125,32,29,25,37,"Introvert","understood",1
11666017,"complete","B","B_2AlexInt_1PatExt","understood-pat-quantised",3,"Extrovert first","Extrovert","understood","alex_int","I felt that <br>they understood me",0.78125,32,29,25,37,"Extrovert","understood",0
11666017,"complete","B","B_2AlexInt_1PatExt","different-alex-quantised",4,"Extrovert first","Introvert","different","alex_int","I felt that they were <br>different from me",0.78125,32,29,25,37,"Introvert","different",-1
11666017,"complete","B","B_2AlexInt_1PatExt","different-pat-quantised",4,"Extrovert first","Extrovert","different","alex_int","I felt that they were <br>different from me",0.78125,32,29,25,37,"Extrovert","different",-1
11666017,"complete","B","B_2AlexInt_1PatExt","chat-again-alex-quantised",2,"Extrovert first","Introvert","chat-again","alex_int","I would chat <br>with them again",0.78125,32,29,25,37,"Introvert","chat-again",-1
11666017,"complete","B","B_2AlexInt_1PatExt","chat-again-pat-quantised",3,"Extrovert first","Extrovert","chat-again","alex_int","I would chat <br>with them again",0.78125,32,29,25,37,"Extrovert","chat-again",0
11666076,"complete","B","B_2AlexInt_1PatExt","similar-alex-quantised",4,"Extrovert first","Introvert","similar","alex_int","I felt that <br>we are similar",0.625,30,34,28,43,"Introvert","similar",1
11666076,"complete","B","B_2AlexInt_1PatExt","similar-pat-quantised",1,"Extrovert first","Extrovert","similar","alex_int","I felt that <br>we are similar",0.625,30,34,28,43,"Extrovert","similar",-2
11666076,"complete","B","B_2AlexInt_1PatExt","enjoy-alex-quantised",4,"Extrovert first","Introvert","enjoy","alex_int","I enjoyed our <br>conversation",0.625,30,34,28,43,"Introvert","enjoy",1
11666076,"complete","B","B_2AlexInt_1PatExt","enjoy-pat-quantised",4,"Extrovert first","Extrovert","enjoy","alex_int","I enjoyed our <br>conversation",0.625,30,34,28,43,"Extrovert","enjoy",1
11666076,"complete","B","B_2AlexInt_1PatExt","distant-alex-quantised",2,"Extrovert first","Introvert","distant","alex_int","I felt distant <br>from them",0.625,30,34,28,43,"Introvert","distant",1
11666076,"complete","B","B_2AlexInt_1PatExt","distant-pat-quantised",4,"Extrovert first","Extrovert","distant","alex_int","I felt distant <br>from them",0.625,30,34,28,43,"Extrovert","distant",-1
11666076,"complete","B","B_2AlexInt_1PatExt","understood-alex-quantised",4,"Extrovert first","Introvert","understood","alex_int","I felt that <br>they understood me",0.625,30,34,28,43,"Introvert","understood",1
11666076,"complete","B","B_2AlexInt_1PatExt","understood-pat-quantised",4,"Extrovert first","Extrovert","understood","alex_int","I felt that <br>they understood me",0.625,30,34,28,43,"Extrovert","understood",1
11666076,"complete","B","B_2AlexInt_1PatExt","different-alex-quantised",2,"Extrovert first","Introvert","different","alex_int","I felt that they were <br>different from me",0.625,30,34,28,43,"Introvert","different",1
11666076,"complete","B","B_2AlexInt_1PatExt","different-pat-quantised",4,"Extrovert first","Extrovert","different","alex_int","I felt that they were <br>different from me",0.625,30,34,28,43,"Extrovert","different",-1
11666076,"complete","B","B_2AlexInt_1PatExt","chat-again-alex-quantised",4,"Extrovert first","Introvert","chat-again","alex_int","I would chat <br>with them again",0.625,30,34,28,43,"Introvert","chat-again",1
11666076,"complete","B","B_2AlexInt_1PatExt","chat-again-pat-quantised",3,"Extrovert first","Extrovert","chat-again","alex_int","I would chat <br>with them again",0.625,30,34,28,43,"Extrovert","chat-again",0
11666153,"complete","B","B_2AlexInt_1PatExt","similar-alex-quantised",2,"Extrovert first","Introvert","similar","alex_int","I felt that <br>we are similar",0.6875,24,31,22,35,"Introvert","similar",-1
11666153,"complete","B","B_2AlexInt_1PatExt","similar-pat-quantised",2,"Extrovert first","Extrovert","similar","alex_int","I felt that <br>we are similar",0.6875,24,31,22,35,"Extrovert","similar",-1
11666153,"complete","B","B_2AlexInt_1PatExt","enjoy-alex-quantised",4,"Extrovert first","Introvert","enjoy","alex_int","I enjoyed our <br>conversation",0.6875,24,31,22,35,"Introvert","enjoy",1
11666153,"complete","B","B_2AlexInt_1PatExt","enjoy-pat-quantised",4,"Extrovert first","Extrovert","enjoy","alex_int","I enjoyed our <br>conversation",0.6875,24,31,22,35,"Extrovert","enjoy",1
11666153,"complete","B","B_2AlexInt_1PatExt","distant-alex-quantised",4,"Extrovert first","Introvert","distant","alex_int","I felt distant <br>from them",0.6875,24,31,22,35,"Introvert","distant",-1
11666153,"complete","B","B_2AlexInt_1PatExt","distant-pat-quantised",3,"Extrovert first","Extrovert","distant","alex_int","I felt distant <br>from them",0.6875,24,31,22,35,"Extrovert","distant",0
11666153,"complete","B","B_2AlexInt_1PatExt","understood-alex-quantised",5,"Extrovert first","Introvert","understood","alex_int","I felt that <br>they understood me",0.6875,24,31,22,35,"Introvert","understood",2
11666153,"complete","B","B_2AlexInt_1PatExt","understood-pat-quantised",5,"Extrovert first","Extrovert","understood","alex_int","I felt that <br>they understood me",0.6875,24,31,22,35,"Extrovert","understood",2
11666153,"complete","B","B_2AlexInt_1PatExt","different-alex-quantised",3,"Extrovert first","Introvert","different","alex_int","I felt that they were <br>different from me",0.6875,24,31,22,35,"Introvert","different",0
11666153,"complete","B","B_2AlexInt_1PatExt","different-pat-quantised",3,"Extrovert first","Extrovert","different","alex_int","I felt that they were <br>different from me",0.6875,24,31,22,35,"Extrovert","different",0
11666153,"complete","B","B_2AlexInt_1PatExt","chat-again-alex-quantised",3,"Extrovert first","Introvert","chat-again","alex_int","I would chat <br>with them again",0.6875,24,31,22,35,"Introvert","chat-again",0
11666153,"complete","B","B_2AlexInt_1PatExt","chat-again-pat-quantised",4,"Extrovert first","Extrovert","chat-again","alex_int","I would chat <br>with them again",0.6875,24,31,22,35,"Extrovert","chat-again",1
11666462,"complete","B","B_1PatExt_2AlexInt","similar-pat-quantised",4,"Introvert first","Extrovert","similar","pat_ext","I felt that <br>we are similar",0.78125,28,32,25,41,"Extrovert","similar",1
11666462,"complete","B","B_1PatExt_2AlexInt","similar-alex-quantised",5,"Introvert first","Introvert","similar","pat_ext","I felt that <br>we are similar",0.78125,28,32,25,41,"Introvert","similar",2
11666462,"complete","B","B_1PatExt_2AlexInt","enjoy-pat-quantised",4,"Introvert first","Extrovert","enjoy","pat_ext","I enjoyed our <br>conversation",0.78125,28,32,25,41,"Extrovert","enjoy",1
11666462,"complete","B","B_1PatExt_2AlexInt","enjoy-alex-quantised",5,"Introvert first","Introvert","enjoy","pat_ext","I enjoyed our <br>conversation",0.78125,28,32,25,41,"Introvert","enjoy",2
11666462,"complete","B","B_1PatExt_2AlexInt","distant-pat-quantised",2,"Introvert first","Extrovert","distant","pat_ext","I felt distant <br>from them",0.78125,28,32,25,41,"Extrovert","distant",1
11666462,"complete","B","B_1PatExt_2AlexInt","distant-alex-quantised",1,"Introvert first","Introvert","distant","pat_ext","I felt distant <br>from them",0.78125,28,32,25,41,"Introvert","distant",2
11666462,"complete","B","B_1PatExt_2AlexInt","understood-pat-quantised",4,"Introvert first","Extrovert","understood","pat_ext","I felt that <br>they understood me",0.78125,28,32,25,41,"Extrovert","understood",1
11666462,"complete","B","B_1PatExt_2AlexInt","understood-alex-quantised",5,"Introvert first","Introvert","understood","pat_ext","I felt that <br>they understood me",0.78125,28,32,25,41,"Introvert","understood",2
11666462,"complete","B","B_1PatExt_2AlexInt","different-pat-quantised",2,"Introvert first","Extrovert","different","pat_ext","I felt that they were <br>different from me",0.78125,28,32,25,41,"Extrovert","different",1
11666462,"complete","B","B_1PatExt_2AlexInt","different-alex-quantised",1,"Introvert first","Introvert","different","pat_ext","I felt that they were <br>different from me",0.78125,28,32,25,41,"Introvert","different",2
11666462,"complete","B","B_1PatExt_2AlexInt","chat-again-pat-quantised",4,"Introvert first","Extrovert","chat-again","pat_ext","I would chat <br>with them again",0.78125,28,32,25,41,"Extrovert","chat-again",1
11666462,"complete","B","B_1PatExt_2AlexInt","chat-again-alex-quantised",5,"Introvert first","Introvert","chat-again","pat_ext","I would chat <br>with them again",0.78125,28,32,25,41,"Introvert","chat-again",2
11666481,"complete","B","B_1PatExt_2AlexInt","similar-pat-quantised",2,"Introvert first","Extrovert","similar","pat_ext","I felt that <br>we are similar",0.875,33,35,29,44,"Extrovert","similar",-1
11666481,"complete","B","B_1PatExt_2AlexInt","similar-alex-quantised",2,"Introvert first","Introvert","similar","pat_ext","I felt that <br>we are similar",0.875,33,35,29,44,"Introvert","similar",-1
11666481,"complete","B","B_1PatExt_2AlexInt","enjoy-pat-quantised",4,"Introvert first","Extrovert","enjoy","pat_ext","I enjoyed our <br>conversation",0.875,33,35,29,44,"Extrovert","enjoy",1
11666481,"complete","B","B_1PatExt_2AlexInt","enjoy-alex-quantised",4,"Introvert first","Introvert","enjoy","pat_ext","I enjoyed our <br>conversation",0.875,33,35,29,44,"Introvert","enjoy",1
11666481,"complete","B","B_1PatExt_2AlexInt","distant-pat-quantised",2,"Introvert first","Extrovert","distant","pat_ext","I felt distant <br>from them",0.875,33,35,29,44,"Extrovert","distant",1
11666481,"complete","B","B_1PatExt_2AlexInt","distant-alex-quantised",2,"Introvert first","Introvert","distant","pat_ext","I felt distant <br>from them",0.875,33,35,29,44,"Introvert","distant",1
11666481,"complete","B","B_1PatExt_2AlexInt","understood-pat-quantised",4,"Introvert first","Extrovert","understood","pat_ext","I felt that <br>they understood me",0.875,33,35,29,44,"Extrovert","understood",1
11666481,"complete","B","B_1PatExt_2AlexInt","understood-alex-quantised",4,"Introvert first","Introvert","understood","pat_ext","I felt that <br>they understood me",0.875,33,35,29,44,"Introvert","understood",1
11666481,"complete","B","B_1PatExt_2AlexInt","different-pat-quantised",4,"Introvert first","Extrovert","different","pat_ext","I felt that they were <br>different from me",0.875,33,35,29,44,"Extrovert","different",-1
11666481,"complete","B","B_1PatExt_2AlexInt","different-alex-quantised",4,"Introvert first","Introvert","different","pat_ext","I felt that they were <br>different from me",0.875,33,35,29,44,"Introvert","different",-1
11666481,"complete","B","B_1PatExt_2AlexInt","chat-again-pat-quantised",4,"Introvert first","Extrovert","chat-again","pat_ext","I would chat <br>with them again",0.875,33,35,29,44,"Extrovert","chat-again",1
11666481,"complete","B","B_1PatExt_2AlexInt","chat-again-alex-quantised",4,"Introvert first","Introvert","chat-again","pat_ext","I would chat <br>with them again",0.875,33,35,29,44,"Introvert","chat-again",1
11666498,"complete","B","B_2AlexInt_1PatExt","similar-alex-quantised",4,"Extrovert first","Introvert","similar","alex_int","I felt that <br>we are similar",0.78125,23,29,21,41,"Introvert","similar",1
11666498,"complete","B","B_2AlexInt_1PatExt","similar-pat-quantised",2,"Extrovert first","Extrovert","similar","alex_int","I felt that <br>we are similar",0.78125,23,29,21,41,"Extrovert","similar",-1
11666498,"complete","B","B_2AlexInt_1PatExt","enjoy-alex-quantised",5,"Extrovert first","Introvert","enjoy","alex_int","I enjoyed our <br>conversation",0.78125,23,29,21,41,"Introvert","enjoy",2
11666498,"complete","B","B_2AlexInt_1PatExt","enjoy-pat-quantised",4,"Extrovert first","Extrovert","enjoy","alex_int","I enjoyed our <br>conversation",0.78125,23,29,21,41,"Extrovert","enjoy",1
11666498,"complete","B","B_2AlexInt_1PatExt","distant-alex-quantised",2,"Extrovert first","Introvert","distant","alex_int","I felt distant <br>from them",0.78125,23,29,21,41,"Introvert","distant",1
11666498,"complete","B","B_2AlexInt_1PatExt","distant-pat-quantised",2,"Extrovert first","Extrovert","distant","alex_int","I felt distant <br>from them",0.78125,23,29,21,41,"Extrovert","distant",1
11666498,"complete","B","B_2AlexInt_1PatExt","understood-alex-quantised",4,"Extrovert first","Introvert","understood","alex_int","I felt that <br>they understood me",0.78125,23,29,21,41,"Introvert","understood",1
11666498,"complete","B","B_2AlexInt_1PatExt","understood-pat-quantised",3,"Extrovert first","Extrovert","understood","alex_int","I felt that <br>they understood me",0.78125,23,29,21,41,"Extrovert","understood",0
11666498,"complete","B","B_2AlexInt_1PatExt","different-alex-quantised",2,"Extrovert first","Introvert","different","alex_int","I felt that they were <br>different from me",0.78125,23,29,21,41,"Introvert","different",1
11666498,"complete","B","B_2AlexInt_1PatExt","different-pat-quantised",2,"Extrovert first","Extrovert","different","alex_int","I felt that they were <br>different from me",0.78125,23,29,21,41,"Extrovert","different",1
11666498,"complete","B","B_2AlexInt_1PatExt","chat-again-alex-quantised",4,"Extrovert first","Introvert","chat-again","alex_int","I would chat <br>with them again",0.78125,23,29,21,41,"Introvert","chat-again",1
11666498,"complete","B","B_2AlexInt_1PatExt","chat-again-pat-quantised",2,"Extrovert first","Extrovert","chat-again","alex_int","I would chat <br>with them again",0.78125,23,29,21,41,"Extrovert","chat-again",-1
11666541,"complete","B","B_1PatExt_2AlexInt","similar-pat-quantised",5,"Introvert first","Extrovert","similar","pat_ext","I felt that <br>we are similar",0.71875,26,27,30,33,"Extrovert","similar",2
11666541,"complete","B","B_1PatExt_2AlexInt","similar-alex-quantised",3,"Introvert first","Introvert","similar","pat_ext","I felt that <br>we are similar",0.71875,26,27,30,33,"Introvert","similar",0
11666541,"complete","B","B_1PatExt_2AlexInt","enjoy-pat-quantised",5,"Introvert first","Extrovert","enjoy","pat_ext","I enjoyed our <br>conversation",0.71875,26,27,30,33,"Extrovert","enjoy",2
11666541,"complete","B","B_1PatExt_2AlexInt","enjoy-alex-quantised",4,"Introvert first","Introvert","enjoy","pat_ext","I enjoyed our <br>conversation",0.71875,26,27,30,33,"Introvert","enjoy",1
11666541,"complete","B","B_1PatExt_2AlexInt","distant-pat-quantised",2,"Introvert first","Extrovert","distant","pat_ext","I felt distant <br>from them",0.71875,26,27,30,33,"Extrovert","distant",1
11666541,"complete","B","B_1PatExt_2AlexInt","distant-alex-quantised",3,"Introvert first","Introvert","distant","pat_ext","I felt distant <br>from them",0.71875,26,27,30,33,"Introvert","distant",0
11666541,"complete","B","B_1PatExt_2AlexInt","understood-pat-quantised",4,"Introvert first","Extrovert","understood","pat_ext","I felt that <br>they understood me",0.71875,26,27,30,33,"Extrovert","understood",1
11666541,"complete","B","B_1PatExt_2AlexInt","understood-alex-quantised",3,"Introvert first","Introvert","understood","pat_ext","I felt that <br>they understood me",0.71875,26,27,30,33,"Introvert","understood",0
11666541,"complete","B","B_1PatExt_2AlexInt","different-pat-quantised",2,"Introvert first","Extrovert","different","pat_ext","I felt that they were <br>different from me",0.71875,26,27,30,33,"Extrovert","different",1
11666541,"complete","B","B_1PatExt_2AlexInt","different-alex-quantised",4,"Introvert first","Introvert","different","pat_ext","I felt that they were <br>different from me",0.71875,26,27,30,33,"Introvert","different",-1
11666541,"complete","B","B_1PatExt_2AlexInt","chat-again-pat-quantised",4,"Introvert first","Extrovert","chat-again","pat_ext","I would chat <br>with them again",0.71875,26,27,30,33,"Extrovert","chat-again",1
11666541,"complete","B","B_1PatExt_2AlexInt","chat-again-alex-quantised",3,"Introvert first","Introvert","chat-again","pat_ext","I would chat <br>with them again",0.71875,26,27,30,33,"Introvert","chat-again",0
11666969,"complete","B","B_2AlexInt_1PatExt","similar-alex-quantised",4,"Extrovert first","Introvert","similar","alex_int","I felt that <br>we are similar",0.8125,27,32,26,43,"Introvert","similar",1
11666969,"complete","B","B_2AlexInt_1PatExt","similar-pat-quantised",2,"Extrovert first","Extrovert","similar","alex_int","I felt that <br>we are similar",0.8125,27,32,26,43,"Extrovert","similar",-1
11666969,"complete","B","B_2AlexInt_1PatExt","enjoy-alex-quantised",4,"Extrovert first","Introvert","enjoy","alex_int","I enjoyed our <br>conversation",0.8125,27,32,26,43,"Introvert","enjoy",1
11666969,"complete","B","B_2AlexInt_1PatExt","enjoy-pat-quantised",4,"Extrovert first","Extrovert","enjoy","alex_int","I enjoyed our <br>conversation",0.8125,27,32,26,43,"Extrovert","enjoy",1
11666969,"complete","B","B_2AlexInt_1PatExt","distant-alex-quantised",4,"Extrovert first","Introvert","distant","alex_int","I felt distant <br>from them",0.8125,27,32,26,43,"Introvert","distant",-1
11666969,"complete","B","B_2AlexInt_1PatExt","distant-pat-quantised",5,"Extrovert first","Extrovert","distant","alex_int","I felt distant <br>from them",0.8125,27,32,26,43,"Extrovert","distant",-2
11666969,"complete","B","B_2AlexInt_1PatExt","understood-alex-quantised",3,"Extrovert first","Introvert","understood","alex_int","I felt that <br>they understood me",0.8125,27,32,26,43,"Introvert","understood",0
11666969,"complete","B","B_2AlexInt_1PatExt","understood-pat-quantised",3,"Extrovert first","Extrovert","understood","alex_int","I felt that <br>they understood me",0.8125,27,32,26,43,"Extrovert","understood",0
11666969,"complete","B","B_2AlexInt_1PatExt","different-alex-quantised",4,"Extrovert first","Introvert","different","alex_int","I felt that they were <br>different from me",0.8125,27,32,26,43,"Introvert","different",-1
11666969,"complete","B","B_2AlexInt_1PatExt","different-pat-quantised",5,"Extrovert first","Extrovert","different","alex_int","I felt that they were <br>different from me",0.8125,27,32,26,43,"Extrovert","different",-2
11666969,"complete","B","B_2AlexInt_1PatExt","chat-again-alex-quantised",4,"Extrovert first","Introvert","chat-again","alex_int","I would chat <br>with them again",0.8125,27,32,26,43,"Introvert","chat-again",1
11666969,"complete","B","B_2AlexInt_1PatExt","chat-again-pat-quantised",4,"Extrovert first","Extrovert","chat-again","alex_int","I would chat <br>with them again",0.8125,27,32,26,43,"Extrovert","chat-again",1
11667145,"complete","B","B_1PatExt_2AlexInt","similar-pat-quantised",4,"Introvert first","Extrovert","similar","pat_ext","I felt that <br>we are similar",0.96875,29,28,19,39,"Extrovert","similar",1
11667145,"complete","B","B_1PatExt_2AlexInt","similar-alex-quantised",3,"Introvert first","Introvert","similar","pat_ext","I felt that <br>we are similar",0.96875,29,28,19,39,"Introvert","similar",0
11667145,"complete","B","B_1PatExt_2AlexInt","enjoy-pat-quantised",4,"Introvert first","Extrovert","enjoy","pat_ext","I enjoyed our <br>conversation",0.96875,29,28,19,39,"Extrovert","enjoy",1
11667145,"complete","B","B_1PatExt_2AlexInt","enjoy-alex-quantised",3,"Introvert first","Introvert","enjoy","pat_ext","I enjoyed our <br>conversation",0.96875,29,28,19,39,"Introvert","enjoy",0
11667145,"complete","B","B_1PatExt_2AlexInt","distant-pat-quantised",2,"Introvert first","Extrovert","distant","pat_ext","I felt distant <br>from them",0.96875,29,28,19,39,"Extrovert","distant",1
11667145,"complete","B","B_1PatExt_2AlexInt","distant-alex-quantised",4,"Introvert first","Introvert","distant","pat_ext","I felt distant <br>from them",0.96875,29,28,19,39,"Introvert","distant",-1
11667145,"complete","B","B_1PatExt_2AlexInt","understood-pat-quantised",4,"Introvert first","Extrovert","understood","pat_ext","I felt that <br>they understood me",0.96875,29,28,19,39,"Extrovert","understood",1
11667145,"complete","B","B_1PatExt_2AlexInt","understood-alex-quantised",2,"Introvert first","Introvert","understood","pat_ext","I felt that <br>they understood me",0.96875,29,28,19,39,"Introvert","understood",-1
11667145,"complete","B","B_1PatExt_2AlexInt","different-pat-quantised",2,"Introvert first","Extrovert","different","pat_ext","I felt that they were <br>different from me",0.96875,29,28,19,39,"Extrovert","different",1
11667145,"complete","B","B_1PatExt_2AlexInt","different-alex-quantised",4,"Introvert first","Introvert","different","pat_ext","I felt that they were <br>different from me",0.96875,29,28,19,39,"Introvert","different",-1
11667145,"complete","B","B_1PatExt_2AlexInt","chat-again-pat-quantised",5,"Introvert first","Extrovert","chat-again","pat_ext","I would chat <br>with them again",0.96875,29,28,19,39,"Extrovert","chat-again",2
11667145,"complete","B","B_1PatExt_2AlexInt","chat-again-alex-quantised",2,"Introvert first","Introvert","chat-again","pat_ext","I would chat <br>with them again",0.96875,29,28,19,39,"Introvert","chat-again",-1
11667383,"complete","B","B_1PatExt_2AlexInt","similar-pat-quantised",4,"Introvert first","Extrovert","similar","pat_ext","I felt that <br>we are similar",0.8125,23,32,27,37,"Extrovert","similar",1
11667383,"complete","B","B_1PatExt_2AlexInt","similar-alex-quantised",3,"Introvert first","Introvert","similar","pat_ext","I felt that <br>we are similar",0.8125,23,32,27,37,"Introvert","similar",0
11667383,"complete","B","B_1PatExt_2AlexInt","enjoy-pat-quantised",5,"Introvert first","Extrovert","enjoy","pat_ext","I enjoyed our <br>conversation",0.8125,23,32,27,37,"Extrovert","enjoy",2
11667383,"complete","B","B_1PatExt_2AlexInt","enjoy-alex-quantised",4,"Introvert first","Introvert","enjoy","pat_ext","I enjoyed our <br>conversation",0.8125,23,32,27,37,"Introvert","enjoy",1
11667383,"complete","B","B_1PatExt_2AlexInt","distant-pat-quantised",2,"Introvert first","Extrovert","distant","pat_ext","I felt distant <br>from them",0.8125,23,32,27,37,"Extrovert","distant",1
11667383,"complete","B","B_1PatExt_2AlexInt","distant-alex-quantised",2,"Introvert first","Introvert","distant","pat_ext","I felt distant <br>from them",0.8125,23,32,27,37,"Introvert","distant",1
11667383,"complete","B","B_1PatExt_2AlexInt","understood-pat-quantised",4,"Introvert first","Extrovert","understood","pat_ext","I felt that <br>they understood me",0.8125,23,32,27,37,"Extrovert","understood",1
11667383,"complete","B","B_1PatExt_2AlexInt","understood-alex-quantised",4,"Introvert first","Introvert","understood","pat_ext","I felt that <br>they understood me",0.8125,23,32,27,37,"Introvert","understood",1
11667383,"complete","B","B_1PatExt_2AlexInt","different-pat-quantised",3,"Introvert first","Extrovert","different","pat_ext","I felt that they were <br>different from me",0.8125,23,32,27,37,"Extrovert","different",0
11667383,"complete","B","B_1PatExt_2AlexInt","different-alex-quantised",2,"Introvert first","Introvert","different","pat_ext","I felt that they were <br>different from me",0.8125,23,32,27,37,"Introvert","different",1
11667383,"complete","B","B_1PatExt_2AlexInt","chat-again-pat-quantised",5,"Introvert first","Extrovert","chat-again","pat_ext","I would chat <br>with them again",0.8125,23,32,27,37,"Extrovert","chat-again",2
11667383,"complete","B","B_1PatExt_2AlexInt","chat-again-alex-quantised",4,"Introvert first","Introvert","chat-again","pat_ext","I would chat <br>with them again",0.8125,23,32,27,37,"Introvert","chat-again",1
11667572,"complete","B","B_2AlexInt_1PatExt","similar-alex-quantised",4,"Extrovert first","Introvert","similar","alex_int","I felt that <br>we are similar",0.8125,25,31,26,37,"Introvert","similar",1
11667572,"complete","B","B_2AlexInt_1PatExt","similar-pat-quantised",5,"Extrovert first","Extrovert","similar","alex_int","I felt that <br>we are similar",0.8125,25,31,26,37,"Extrovert","similar",2
11667572,"complete","B","B_2AlexInt_1PatExt","enjoy-alex-quantised",4,"Extrovert first","Introvert","enjoy","alex_int","I enjoyed our <br>conversation",0.8125,25,31,26,37,"Introvert","enjoy",1
11667572,"complete","B","B_2AlexInt_1PatExt","enjoy-pat-quantised",4,"Extrovert first","Extrovert","enjoy","alex_int","I enjoyed our <br>conversation",0.8125,25,31,26,37,"Extrovert","enjoy",1
11667572,"complete","B","B_2AlexInt_1PatExt","distant-alex-quantised",2,"Extrovert first","Introvert","distant","alex_int","I felt distant <br>from them",0.8125,25,31,26,37,"Introvert","distant",1
11667572,"complete","B","B_2AlexInt_1PatExt","distant-pat-quantised",1,"Extrovert first","Extrovert","distant","alex_int","I felt distant <br>from them",0.8125,25,31,26,37,"Extrovert","distant",2
11667572,"complete","B","B_2AlexInt_1PatExt","understood-alex-quantised",4,"Extrovert first","Introvert","understood","alex_int","I felt that <br>they understood me",0.8125,25,31,26,37,"Introvert","understood",1
11667572,"complete","B","B_2AlexInt_1PatExt","understood-pat-quantised",5,"Extrovert first","Extrovert","understood","alex_int","I felt that <br>they understood me",0.8125,25,31,26,37,"Extrovert","understood",2
11667572,"complete","B","B_2AlexInt_1PatExt","different-alex-quantised",2,"Extrovert first","Introvert","different","alex_int","I felt that they were <br>different from me",0.8125,25,31,26,37,"Introvert","different",1
11667572,"complete","B","B_2AlexInt_1PatExt","different-pat-quantised",2,"Extrovert first","Extrovert","different","alex_int","I felt that they were <br>different from me",0.8125,25,31,26,37,"Extrovert","different",1
11667572,"complete","B","B_2AlexInt_1PatExt","chat-again-alex-quantised",4,"Extrovert first","Introvert","chat-again","alex_int","I would chat <br>with them again",0.8125,25,31,26,37,"Introvert","chat-again",1
11667572,"complete","B","B_2AlexInt_1PatExt","chat-again-pat-quantised",4,"Extrovert first","Extrovert","chat-again","alex_int","I would chat <br>with them again",0.8125,25,31,26,37,"Extrovert","chat-again",1
11667573,"complete","B","B_2AlexInt_1PatExt","similar-alex-quantised",4,"Extrovert first","Introvert","similar","alex_int","I felt that <br>we are similar",0.84375,28,33,27,42,"Introvert","similar",1
11667573,"complete","B","B_2AlexInt_1PatExt","similar-pat-quantised",4,"Extrovert first","Extrovert","similar","alex_int","I felt that <br>we are similar",0.84375,28,33,27,42,"Extrovert","similar",1
11667573,"complete","B","B_2AlexInt_1PatExt","enjoy-alex-quantised",5,"Extrovert first","Introvert","enjoy","alex_int","I enjoyed our <br>conversation",0.84375,28,33,27,42,"Introvert","enjoy",2
11667573,"complete","B","B_2AlexInt_1PatExt","enjoy-pat-quantised",4,"Extrovert first","Extrovert","enjoy","alex_int","I enjoyed our <br>conversation",0.84375,28,33,27,42,"Extrovert","enjoy",1
11667573,"complete","B","B_2AlexInt_1PatExt","distant-alex-quantised",2,"Extrovert first","Introvert","distant","alex_int","I felt distant <br>from them",0.84375,28,33,27,42,"Introvert","distant",1
11667573,"complete","B","B_2AlexInt_1PatExt","distant-pat-quantised",2,"Extrovert first","Extrovert","distant","alex_int","I felt distant <br>from them",0.84375,28,33,27,42,"Extrovert","distant",1
11667573,"complete","B","B_2AlexInt_1PatExt","understood-alex-quantised",4,"Extrovert first","Introvert","understood","alex_int","I felt that <br>they understood me",0.84375,28,33,27,42,"Introvert","understood",1
11667573,"complete","B","B_2AlexInt_1PatExt","understood-pat-quantised",5,"Extrovert first","Extrovert","understood","alex_int","I felt that <br>they understood me",0.84375,28,33,27,42,"Extrovert","understood",2
11667573,"complete","B","B_2AlexInt_1PatExt","different-alex-quantised",2,"Extrovert first","Introvert","different","alex_int","I felt that they were <br>different from me",0.84375,28,33,27,42,"Introvert","different",1
11667573,"complete","B","B_2AlexInt_1PatExt","different-pat-quantised",2,"Extrovert first","Extrovert","different","alex_int","I felt that they were <br>different from me",0.84375,28,33,27,42,"Extrovert","different",1
11667573,"complete","B","B_2AlexInt_1PatExt","chat-again-alex-quantised",4,"Extrovert first","Introvert","chat-again","alex_int","I would chat <br>with them again",0.84375,28,33,27,42,"Introvert","chat-again",1
11667573,"complete","B","B_2AlexInt_1PatExt","chat-again-pat-quantised",5,"Extrovert first","Extrovert","chat-again","alex_int","I would chat <br>with them again",0.84375,28,33,27,42,"Extrovert","chat-again",2
11667632,"complete","B","B_2AlexInt_1PatExt","similar-alex-quantised",5,"Extrovert first","Introvert","similar","alex_int","I felt that <br>we are similar",0.875,28,29,23,43,"Introvert","similar",2
11667632,"complete","B","B_2AlexInt_1PatExt","similar-pat-quantised",4,"Extrovert first","Extrovert","similar","alex_int","I felt that <br>we are similar",0.875,28,29,23,43,"Extrovert","similar",1
11667632,"complete","B","B_2AlexInt_1PatExt","enjoy-alex-quantised",5,"Extrovert first","Introvert","enjoy","alex_int","I enjoyed our <br>conversation",0.875,28,29,23,43,"Introvert","enjoy",2
11667632,"complete","B","B_2AlexInt_1PatExt","enjoy-pat-quantised",4,"Extrovert first","Extrovert","enjoy","alex_int","I enjoyed our <br>conversation",0.875,28,29,23,43,"Extrovert","enjoy",1
11667632,"complete","B","B_2AlexInt_1PatExt","distant-alex-quantised",1,"Extrovert first","Introvert","distant","alex_int","I felt distant <br>from them",0.875,28,29,23,43,"Introvert","distant",2
11667632,"complete","B","B_2AlexInt_1PatExt","distant-pat-quantised",2,"Extrovert first","Extrovert","distant","alex_int","I felt distant <br>from them",0.875,28,29,23,43,"Extrovert","distant",1
11667632,"complete","B","B_2AlexInt_1PatExt","understood-alex-quantised",5,"Extrovert first","Introvert","understood","alex_int","I felt that <br>they understood me",0.875,28,29,23,43,"Introvert","understood",2
11667632,"complete","B","B_2AlexInt_1PatExt","understood-pat-quantised",4,"Extrovert first","Extrovert","understood","alex_int","I felt that <br>they understood me",0.875,28,29,23,43,"Extrovert","understood",1
11667632,"complete","B","B_2AlexInt_1PatExt","different-alex-quantised",1,"Extrovert first","Introvert","different","alex_int","I felt that they were <br>different from me",0.875,28,29,23,43,"Introvert","different",2
11667632,"complete","B","B_2AlexInt_1PatExt","different-pat-quantised",2,"Extrovert first","Extrovert","different","alex_int","I felt that they were <br>different from me",0.875,28,29,23,43,"Extrovert","different",1
11667632,"complete","B","B_2AlexInt_1PatExt","chat-again-alex-quantised",5,"Extrovert first","Introvert","chat-again","alex_int","I would chat <br>with them again",0.875,28,29,23,43,"Introvert","chat-again",2
11667632,"complete","B","B_2AlexInt_1PatExt","chat-again-pat-quantised",4,"Extrovert first","Extrovert","chat-again","alex_int","I would chat <br>with them again",0.875,28,29,23,43,"Extrovert","chat-again",1
11667763,"complete","B","B_1PatExt_2AlexInt","similar-pat-quantised",4,"Introvert first","Extrovert","similar","pat_ext","I felt that <br>we are similar",0.78125,23,29,23,36,"Extrovert","similar",1
11667763,"complete","B","B_1PatExt_2AlexInt","similar-alex-quantised",3,"Introvert first","Introvert","similar","pat_ext","I felt that <br>we are similar",0.78125,23,29,23,36,"Introvert","similar",0
11667763,"complete","B","B_1PatExt_2AlexInt","enjoy-pat-quantised",4,"Introvert first","Extrovert","enjoy","pat_ext","I enjoyed our <br>conversation",0.78125,23,29,23,36,"Extrovert","enjoy",1
11667763,"complete","B","B_1PatExt_2AlexInt","enjoy-alex-quantised",4,"Introvert first","Introvert","enjoy","pat_ext","I enjoyed our <br>conversation",0.78125,23,29,23,36,"Introvert","enjoy",1
11667763,"complete","B","B_1PatExt_2AlexInt","distant-pat-quantised",3,"Introvert first","Extrovert","distant","pat_ext","I felt distant <br>from them",0.78125,23,29,23,36,"Extrovert","distant",0
11667763,"complete","B","B_1PatExt_2AlexInt","distant-alex-quantised",3,"Introvert first","Introvert","distant","pat_ext","I felt distant <br>from them",0.78125,23,29,23,36,"Introvert","distant",0
11667763,"complete","B","B_1PatExt_2AlexInt","understood-pat-quantised",3,"Introvert first","Extrovert","understood","pat_ext","I felt that <br>they understood me",0.78125,23,29,23,36,"Extrovert","understood",0
11667763,"complete","B","B_1PatExt_2AlexInt","understood-alex-quantised",3,"Introvert first","Introvert","understood","pat_ext","I felt that <br>they understood me",0.78125,23,29,23,36,"Introvert","understood",0
11667763,"complete","B","B_1PatExt_2AlexInt","different-pat-quantised",2,"Introvert first","Extrovert","different","pat_ext","I felt that they were <br>different from me",0.78125,23,29,23,36,"Extrovert","different",1
11667763,"complete","B","B_1PatExt_2AlexInt","different-alex-quantised",3,"Introvert first","Introvert","different","pat_ext","I felt that they were <br>different from me",0.78125,23,29,23,36,"Introvert","different",0
11667763,"complete","B","B_1PatExt_2AlexInt","chat-again-pat-quantised",4,"Introvert first","Extrovert","chat-again","pat_ext","I would chat <br>with them again",0.78125,23,29,23,36,"Extrovert","chat-again",1
11667763,"complete","B","B_1PatExt_2AlexInt","chat-again-alex-quantised",3,"Introvert first","Introvert","chat-again","pat_ext","I would chat <br>with them again",0.78125,23,29,23,36,"Introvert","chat-again",0
11667966,"complete","B","B_2AlexInt_1PatExt","similar-alex-quantised",4,"Extrovert first","Introvert","similar","alex_int","I felt that <br>we are similar",0.84375,29,29,22,35,"Introvert","similar",1
11667966,"complete","B","B_2AlexInt_1PatExt","similar-pat-quantised",4,"Extrovert first","Extrovert","similar","alex_int","I felt that <br>we are similar",0.84375,29,29,22,35,"Extrovert","similar",1
11667966,"complete","B","B_2AlexInt_1PatExt","enjoy-alex-quantised",5,"Extrovert first","Introvert","enjoy","alex_int","I enjoyed our <br>conversation",0.84375,29,29,22,35,"Introvert","enjoy",2
11667966,"complete","B","B_2AlexInt_1PatExt","enjoy-pat-quantised",5,"Extrovert first","Extrovert","enjoy","alex_int","I enjoyed our <br>conversation",0.84375,29,29,22,35,"Extrovert","enjoy",2
11667966,"complete","B","B_2AlexInt_1PatExt","distant-alex-quantised",1,"Extrovert first","Introvert","distant","alex_int","I felt distant <br>from them",0.84375,29,29,22,35,"Introvert","distant",2
11667966,"complete","B","B_2AlexInt_1PatExt","distant-pat-quantised",1,"Extrovert first","Extrovert","distant","alex_int","I felt distant <br>from them",0.84375,29,29,22,35,"Extrovert","distant",2
11667966,"complete","B","B_2AlexInt_1PatExt","understood-alex-quantised",5,"Extrovert first","Introvert","understood","alex_int","I felt that <br>they understood me",0.84375,29,29,22,35,"Introvert","understood",2
11667966,"complete","B","B_2AlexInt_1PatExt","understood-pat-quantised",5,"Extrovert first","Extrovert","understood","alex_int","I felt that <br>they understood me",0.84375,29,29,22,35,"Extrovert","understood",2
11667966,"complete","B","B_2AlexInt_1PatExt","different-alex-quantised",3,"Extrovert first","Introvert","different","alex_int","I felt that they were <br>different from me",0.84375,29,29,22,35,"Introvert","different",0
11667966,"complete","B","B_2AlexInt_1PatExt","different-pat-quantised",3,"Extrovert first","Extrovert","different","alex_int","I felt that they were <br>different from me",0.84375,29,29,22,35,"Extrovert","different",0
11667966,"complete","B","B_2AlexInt_1PatExt","chat-again-alex-quantised",5,"Extrovert first","Introvert","chat-again","alex_int","I would chat <br>with them again",0.84375,29,29,22,35,"Introvert","chat-again",2
11667966,"complete","B","B_2AlexInt_1PatExt","chat-again-pat-quantised",5,"Extrovert first","Extrovert","chat-again","alex_int","I would chat <br>with them again",0.84375,29,29,22,35,"Extrovert","chat-again",2
11668005,"complete","B","B_2AlexInt_1PatExt","similar-alex-quantised",4,"Extrovert first","Introvert","similar","alex_int","I felt that <br>we are similar",0.84375,29,29,22,43,"Introvert","similar",1
11668005,"complete","B","B_2AlexInt_1PatExt","similar-pat-quantised",3,"Extrovert first","Extrovert","similar","alex_int","I felt that <br>we are similar",0.84375,29,29,22,43,"Extrovert","similar",0
11668005,"complete","B","B_2AlexInt_1PatExt","enjoy-alex-quantised",4,"Extrovert first","Introvert","enjoy","alex_int","I enjoyed our <br>conversation",0.84375,29,29,22,43,"Introvert","enjoy",1
11668005,"complete","B","B_2AlexInt_1PatExt","enjoy-pat-quantised",4,"Extrovert first","Extrovert","enjoy","alex_int","I enjoyed our <br>conversation",0.84375,29,29,22,43,"Extrovert","enjoy",1
11668005,"complete","B","B_2AlexInt_1PatExt","distant-alex-quantised",2,"Extrovert first","Introvert","distant","alex_int","I felt distant <br>from them",0.84375,29,29,22,43,"Introvert","distant",1
11668005,"complete","B","B_2AlexInt_1PatExt","distant-pat-quantised",4,"Extrovert first","Extrovert","distant","alex_int","I felt distant <br>from them",0.84375,29,29,22,43,"Extrovert","distant",-1
11668005,"complete","B","B_2AlexInt_1PatExt","understood-alex-quantised",5,"Extrovert first","Introvert","understood","alex_int","I felt that <br>they understood me",0.84375,29,29,22,43,"Introvert","understood",2
11668005,"complete","B","B_2AlexInt_1PatExt","understood-pat-quantised",4,"Extrovert first","Extrovert","understood","alex_int","I felt that <br>they understood me",0.84375,29,29,22,43,"Extrovert","understood",1
11668005,"complete","B","B_2AlexInt_1PatExt","different-alex-quantised",2,"Extrovert first","Introvert","different","alex_int","I felt that they were <br>different from me",0.84375,29,29,22,43,"Introvert","different",1
11668005,"complete","B","B_2AlexInt_1PatExt","different-pat-quantised",4,"Extrovert first","Extrovert","different","alex_int","I felt that they were <br>different from me",0.84375,29,29,22,43,"Extrovert","different",-1
11668005,"complete","B","B_2AlexInt_1PatExt","chat-again-alex-quantised",4,"Extrovert first","Introvert","chat-again","alex_int","I would chat <br>with them again",0.84375,29,29,22,43,"Introvert","chat-again",1
11668005,"complete","B","B_2AlexInt_1PatExt","chat-again-pat-quantised",4,"Extrovert first","Extrovert","chat-again","alex_int","I would chat <br>with them again",0.84375,29,29,22,43,"Extrovert","chat-again",1
11668041,"complete","B","B_1PatExt_2AlexInt","similar-pat-quantised",4,"Introvert first","Extrovert","similar","pat_ext","I felt that <br>we are similar",0.8125,29,28,23,31,"Extrovert","similar",1
11668041,"complete","B","B_1PatExt_2AlexInt","similar-alex-quantised",3,"Introvert first","Introvert","similar","pat_ext","I felt that <br>we are similar",0.8125,29,28,23,31,"Introvert","similar",0
11668041,"complete","B","B_1PatExt_2AlexInt","enjoy-pat-quantised",4,"Introvert first","Extrovert","enjoy","pat_ext","I enjoyed our <br>conversation",0.8125,29,28,23,31,"Extrovert","enjoy",1
11668041,"complete","B","B_1PatExt_2AlexInt","enjoy-alex-quantised",4,"Introvert first","Introvert","enjoy","pat_ext","I enjoyed our <br>conversation",0.8125,29,28,23,31,"Introvert","enjoy",1
11668041,"complete","B","B_1PatExt_2AlexInt","distant-pat-quantised",2,"Introvert first","Extrovert","distant","pat_ext","I felt distant <br>from them",0.8125,29,28,23,31,"Extrovert","distant",1
11668041,"complete","B","B_1PatExt_2AlexInt","distant-alex-quantised",3,"Introvert first","Introvert","distant","pat_ext","I felt distant <br>from them",0.8125,29,28,23,31,"Introvert","distant",0
11668041,"complete","B","B_1PatExt_2AlexInt","understood-pat-quantised",4,"Introvert first","Extrovert","understood","pat_ext","I felt that <br>they understood me",0.8125,29,28,23,31,"Extrovert","understood",1
11668041,"complete","B","B_1PatExt_2AlexInt","understood-alex-quantised",3,"Introvert first","Introvert","understood","pat_ext","I felt that <br>they understood me",0.8125,29,28,23,31,"Introvert","understood",0
11668041,"complete","B","B_1PatExt_2AlexInt","different-pat-quantised",2,"Introvert first","Extrovert","different","pat_ext","I felt that they were <br>different from me",0.8125,29,28,23,31,"Extrovert","different",1
11668041,"complete","B","B_1PatExt_2AlexInt","different-alex-quantised",3,"Introvert first","Introvert","different","pat_ext","I felt that they were <br>different from me",0.8125,29,28,23,31,"Introvert","different",0
11668041,"complete","B","B_1PatExt_2AlexInt","chat-again-pat-quantised",4,"Introvert first","Extrovert","chat-again","pat_ext","I would chat <br>with them again",0.8125,29,28,23,31,"Extrovert","chat-again",1
11668041,"complete","B","B_1PatExt_2AlexInt","chat-again-alex-quantised",4,"Introvert first","Introvert","chat-again","pat_ext","I would chat <br>with them again",0.8125,29,28,23,31,"Introvert","chat-again",1
11668218,"complete","B","B_2AlexInt_1PatExt","similar-alex-quantised",3,"Extrovert first","Introvert","similar","alex_int","I felt that <br>we are similar",0.84375,32,29,23,42,"Introvert","similar",0
11668218,"complete","B","B_2AlexInt_1PatExt","similar-pat-quantised",5,"Extrovert first","Extrovert","similar","alex_int","I felt that <br>we are similar",0.84375,32,29,23,42,"Extrovert","similar",2
11668218,"complete","B","B_2AlexInt_1PatExt","enjoy-alex-quantised",3,"Extrovert first","Introvert","enjoy","alex_int","I enjoyed our <br>conversation",0.84375,32,29,23,42,"Introvert","enjoy",0
11668218,"complete","B","B_2AlexInt_1PatExt","enjoy-pat-quantised",5,"Extrovert first","Extrovert","enjoy","alex_int","I enjoyed our <br>conversation",0.84375,32,29,23,42,"Extrovert","enjoy",2
11668218,"complete","B","B_2AlexInt_1PatExt","distant-alex-quantised",3,"Extrovert first","Introvert","distant","alex_int","I felt distant <br>from them",0.84375,32,29,23,42,"Introvert","distant",0
11668218,"complete","B","B_2AlexInt_1PatExt","distant-pat-quantised",5,"Extrovert first","Extrovert","distant","alex_int","I felt distant <br>from them",0.84375,32,29,23,42,"Extrovert","distant",-2
11668218,"complete","B","B_2AlexInt_1PatExt","understood-alex-quantised",3,"Extrovert first","Introvert","understood","alex_int","I felt that <br>they understood me",0.84375,32,29,23,42,"Introvert","understood",0
11668218,"complete","B","B_2AlexInt_1PatExt","understood-pat-quantised",5,"Extrovert first","Extrovert","understood","alex_int","I felt that <br>they understood me",0.84375,32,29,23,42,"Extrovert","understood",2
11668218,"complete","B","B_2AlexInt_1PatExt","different-alex-quantised",4,"Extrovert first","Introvert","different","alex_int","I felt that they were <br>different from me",0.84375,32,29,23,42,"Introvert","different",-1
11668218,"complete","B","B_2AlexInt_1PatExt","different-pat-quantised",2,"Extrovert first","Extrovert","different","alex_int","I felt that they were <br>different from me",0.84375,32,29,23,42,"Extrovert","different",1
11668218,"complete","B","B_2AlexInt_1PatExt","chat-again-alex-quantised",3,"Extrovert first","Introvert","chat-again","alex_int","I would chat <br>with them again",0.84375,32,29,23,42,"Introvert","chat-again",0
11668218,"complete","B","B_2AlexInt_1PatExt","chat-again-pat-quantised",5,"Extrovert first","Extrovert","chat-again","alex_int","I would chat <br>with them again",0.84375,32,29,23,42,"Extrovert","chat-again",2
11668279,"complete","B","B_2AlexInt_1PatExt","similar-alex-quantised",4,"Extrovert first","Introvert","similar","alex_int","I felt that <br>we are similar",0.6875,24,31,24,40,"Introvert","similar",1
11668279,"complete","B","B_2AlexInt_1PatExt","similar-pat-quantised",1,"Extrovert first","Extrovert","similar","alex_int","I felt that <br>we are similar",0.6875,24,31,24,40,"Extrovert","similar",-2
11668279,"complete","B","B_2AlexInt_1PatExt","enjoy-alex-quantised",4,"Extrovert first","Introvert","enjoy","alex_int","I enjoyed our <br>conversation",0.6875,24,31,24,40,"Introvert","enjoy",1
11668279,"complete","B","B_2AlexInt_1PatExt","enjoy-pat-quantised",2,"Extrovert first","Extrovert","enjoy","alex_int","I enjoyed our <br>conversation",0.6875,24,31,24,40,"Extrovert","enjoy",-1
11668279,"complete","B","B_2AlexInt_1PatExt","distant-alex-quantised",2,"Extrovert first","Introvert","distant","alex_int","I felt distant <br>from them",0.6875,24,31,24,40,"Introvert","distant",1
11668279,"complete","B","B_2AlexInt_1PatExt","distant-pat-quantised",4,"Extrovert first","Extrovert","distant","alex_int","I felt distant <br>from them",0.6875,24,31,24,40,"Extrovert","distant",-1
11668279,"complete","B","B_2AlexInt_1PatExt","understood-alex-quantised",4,"Extrovert first","Introvert","understood","alex_int","I felt that <br>they understood me",0.6875,24,31,24,40,"Introvert","understood",1
11668279,"complete","B","B_2AlexInt_1PatExt","understood-pat-quantised",2,"Extrovert first","Extrovert","understood","alex_int","I felt that <br>they understood me",0.6875,24,31,24,40,"Extrovert","understood",-1
11668279,"complete","B","B_2AlexInt_1PatExt","different-alex-quantised",2,"Extrovert first","Introvert","different","alex_int","I felt that they were <br>different from me",0.6875,24,31,24,40,"Introvert","different",1
11668279,"complete","B","B_2AlexInt_1PatExt","different-pat-quantised",5,"Extrovert first","Extrovert","different","alex_int","I felt that they were <br>different from me",0.6875,24,31,24,40,"Extrovert","different",-2
11668279,"complete","B","B_2AlexInt_1PatExt","chat-again-alex-quantised",5,"Extrovert first","Introvert","chat-again","alex_int","I would chat <br>with them again",0.6875,24,31,24,40,"Introvert","chat-again",2
11668279,"complete","B","B_2AlexInt_1PatExt","chat-again-pat-quantised",1,"Extrovert first","Extrovert","chat-again","alex_int","I would chat <br>with them again",0.6875,24,31,24,40,"Extrovert","chat-again",-2
11668368,"complete","B","B_1PatExt_2AlexInt","similar-pat-quantised",3,"Introvert first","Extrovert","similar","pat_ext","I felt that <br>we are similar",0.84375,34,34,32,41,"Extrovert","similar",0
11668368,"complete","B","B_1PatExt_2AlexInt","similar-alex-quantised",4,"Introvert first","Introvert","similar","pat_ext","I felt that <br>we are similar",0.84375,34,34,32,41,"Introvert","similar",1
11668368,"complete","B","B_1PatExt_2AlexInt","enjoy-pat-quantised",4,"Introvert first","Extrovert","enjoy","pat_ext","I enjoyed our <br>conversation",0.84375,34,34,32,41,"Extrovert","enjoy",1
11668368,"complete","B","B_1PatExt_2AlexInt","enjoy-alex-quantised",4,"Introvert first","Introvert","enjoy","pat_ext","I enjoyed our <br>conversation",0.84375,34,34,32,41,"Introvert","enjoy",1
11668368,"complete","B","B_1PatExt_2AlexInt","distant-pat-quantised",3,"Introvert first","Extrovert","distant","pat_ext","I felt distant <br>from them",0.84375,34,34,32,41,"Extrovert","distant",0
11668368,"complete","B","B_1PatExt_2AlexInt","distant-alex-quantised",4,"Introvert first","Introvert","distant","pat_ext","I felt distant <br>from them",0.84375,34,34,32,41,"Introvert","distant",-1
11668368,"complete","B","B_1PatExt_2AlexInt","understood-pat-quantised",4,"Introvert first","Extrovert","understood","pat_ext","I felt that <br>they understood me",0.84375,34,34,32,41,"Extrovert","understood",1
11668368,"complete","B","B_1PatExt_2AlexInt","understood-alex-quantised",4,"Introvert first","Introvert","understood","pat_ext","I felt that <br>they understood me",0.84375,34,34,32,41,"Introvert","understood",1
11668368,"complete","B","B_1PatExt_2AlexInt","different-pat-quantised",3,"Introvert first","Extrovert","different","pat_ext","I felt that they were <br>different from me",0.84375,34,34,32,41,"Extrovert","different",0
11668368,"complete","B","B_1PatExt_2AlexInt","different-alex-quantised",3,"Introvert first","Introvert","different","pat_ext","I felt that they were <br>different from me",0.84375,34,34,32,41,"Introvert","different",0
11668368,"complete","B","B_1PatExt_2AlexInt","chat-again-pat-quantised",4,"Introvert first","Extrovert","chat-again","pat_ext","I would chat <br>with them again",0.84375,34,34,32,41,"Extrovert","chat-again",1
11668368,"complete","B","B_1PatExt_2AlexInt","chat-again-alex-quantised",4,"Introvert first","Introvert","chat-again","pat_ext","I would chat <br>with them again",0.84375,34,34,32,41,"Introvert","chat-again",1
11671634,"complete","B","B_2AlexInt_1PatExt","similar-alex-quantised",4,"Extrovert first","Introvert","similar","alex_int","I felt that <br>we are similar",0.9375,25,30,31,39,"Introvert","similar",1
11671634,"complete","B","B_2AlexInt_1PatExt","similar-pat-quantised",4,"Extrovert first","Extrovert","similar","alex_int","I felt that <br>we are similar",0.9375,25,30,31,39,"Extrovert","similar",1
11671634,"complete","B","B_2AlexInt_1PatExt","enjoy-alex-quantised",5,"Extrovert first","Introvert","enjoy","alex_int","I enjoyed our <br>conversation",0.9375,25,30,31,39,"Introvert","enjoy",2
11671634,"complete","B","B_2AlexInt_1PatExt","enjoy-pat-quantised",4,"Extrovert first","Extrovert","enjoy","alex_int","I enjoyed our <br>conversation",0.9375,25,30,31,39,"Extrovert","enjoy",1
11671634,"complete","B","B_2AlexInt_1PatExt","distant-alex-quantised",2,"Extrovert first","Introvert","distant","alex_int","I felt distant <br>from them",0.9375,25,30,31,39,"Introvert","distant",1
11671634,"complete","B","B_2AlexInt_1PatExt","distant-pat-quantised",3,"Extrovert first","Extrovert","distant","alex_int","I felt distant <br>from them",0.9375,25,30,31,39,"Extrovert","distant",0
11671634,"complete","B","B_2AlexInt_1PatExt","understood-alex-quantised",4,"Extrovert first","Introvert","understood","alex_int","I felt that <br>they understood me",0.9375,25,30,31,39,"Introvert","understood",1
11671634,"complete","B","B_2AlexInt_1PatExt","understood-pat-quantised",4,"Extrovert first","Extrovert","understood","alex_int","I felt that <br>they understood me",0.9375,25,30,31,39,"Extrovert","understood",1
11671634,"complete","B","B_2AlexInt_1PatExt","different-alex-quantised",2,"Extrovert first","Introvert","different","alex_int","I felt that they were <br>different from me",0.9375,25,30,31,39,"Introvert","different",1
11671634,"complete","B","B_2AlexInt_1PatExt","different-pat-quantised",3,"Extrovert first","Extrovert","different","alex_int","I felt that they were <br>different from me",0.9375,25,30,31,39,"Extrovert","different",0
11671634,"complete","B","B_2AlexInt_1PatExt","chat-again-alex-quantised",4,"Extrovert first","Introvert","chat-again","alex_int","I would chat <br>with them again",0.9375,25,30,31,39,"Introvert","chat-again",1
11671634,"complete","B","B_2AlexInt_1PatExt","chat-again-pat-quantised",4,"Extrovert first","Extrovert","chat-again","alex_int","I would chat <br>with them again",0.9375,25,30,31,39,"Extrovert","chat-again",1
11671697,"complete","B","B_1PatExt_2AlexInt","similar-pat-quantised",2,"Introvert first","Extrovert","similar","pat_ext","I felt that <br>we are similar",0.6875,31,30,28,34,"Extrovert","similar",-1
11671697,"complete","B","B_1PatExt_2AlexInt","similar-alex-quantised",4,"Introvert first","Introvert","similar","pat_ext","I felt that <br>we are similar",0.6875,31,30,28,34,"Introvert","similar",1
11671697,"complete","B","B_1PatExt_2AlexInt","enjoy-pat-quantised",4,"Introvert first","Extrovert","enjoy","pat_ext","I enjoyed our <br>conversation",0.6875,31,30,28,34,"Extrovert","enjoy",1
11671697,"complete","B","B_1PatExt_2AlexInt","enjoy-alex-quantised",2,"Introvert first","Introvert","enjoy","pat_ext","I enjoyed our <br>conversation",0.6875,31,30,28,34,"Introvert","enjoy",-1
11671697,"complete","B","B_1PatExt_2AlexInt","distant-pat-quantised",3,"Introvert first","Extrovert","distant","pat_ext","I felt distant <br>from them",0.6875,31,30,28,34,"Extrovert","distant",0
11671697,"complete","B","B_1PatExt_2AlexInt","distant-alex-quantised",4,"Introvert first","Introvert","distant","pat_ext","I felt distant <br>from them",0.6875,31,30,28,34,"Introvert","distant",-1
11671697,"complete","B","B_1PatExt_2AlexInt","understood-pat-quantised",3,"Introvert first","Extrovert","understood","pat_ext","I felt that <br>they understood me",0.6875,31,30,28,34,"Extrovert","understood",0
11671697,"complete","B","B_1PatExt_2AlexInt","understood-alex-quantised",4,"Introvert first","Introvert","understood","pat_ext","I felt that <br>they understood me",0.6875,31,30,28,34,"Introvert","understood",1
11671697,"complete","B","B_1PatExt_2AlexInt","different-pat-quantised",4,"Introvert first","Extrovert","different","pat_ext","I felt that they were <br>different from me",0.6875,31,30,28,34,"Extrovert","different",-1
11671697,"complete","B","B_1PatExt_2AlexInt","different-alex-quantised",2,"Introvert first","Introvert","different","pat_ext","I felt that they were <br>different from me",0.6875,31,30,28,34,"Introvert","different",1
11671697,"complete","B","B_1PatExt_2AlexInt","chat-again-pat-quantised",4,"Introvert first","Extrovert","chat-again","pat_ext","I would chat <br>with them again",0.6875,31,30,28,34,"Extrovert","chat-again",1
11671697,"complete","B","B_1PatExt_2AlexInt","chat-again-alex-quantised",2,"Introvert first","Introvert","chat-again","pat_ext","I would chat <br>with them again",0.6875,31,30,28,34,"Introvert","chat-again",-1
11671818,"complete","B","B_1PatExt_2AlexInt","similar-pat-quantised",4,"Introvert first","Extrovert","similar","pat_ext","I felt that <br>we are similar",0.84375,30,29,20,40,"Extrovert","similar",1
11671818,"complete","B","B_1PatExt_2AlexInt","similar-alex-quantised",2,"Introvert first","Introvert","similar","pat_ext","I felt that <br>we are similar",0.84375,30,29,20,40,"Introvert","similar",-1
11671818,"complete","B","B_1PatExt_2AlexInt","enjoy-pat-quantised",4,"Introvert first","Extrovert","enjoy","pat_ext","I enjoyed our <br>conversation",0.84375,30,29,20,40,"Extrovert","enjoy",1
11671818,"complete","B","B_1PatExt_2AlexInt","enjoy-alex-quantised",2,"Introvert first","Introvert","enjoy","pat_ext","I enjoyed our <br>conversation",0.84375,30,29,20,40,"Introvert","enjoy",-1
11671818,"complete","B","B_1PatExt_2AlexInt","distant-pat-quantised",1,"Introvert first","Extrovert","distant","pat_ext","I felt distant <br>from them",0.84375,30,29,20,40,"Extrovert","distant",2
11671818,"complete","B","B_1PatExt_2AlexInt","distant-alex-quantised",5,"Introvert first","Introvert","distant","pat_ext","I felt distant <br>from them",0.84375,30,29,20,40,"Introvert","distant",-2
11671818,"complete","B","B_1PatExt_2AlexInt","understood-pat-quantised",5,"Introvert first","Extrovert","understood","pat_ext","I felt that <br>they understood me",0.84375,30,29,20,40,"Extrovert","understood",2
11671818,"complete","B","B_1PatExt_2AlexInt","understood-alex-quantised",3,"Introvert first","Introvert","understood","pat_ext","I felt that <br>they understood me",0.84375,30,29,20,40,"Introvert","understood",0
11671818,"complete","B","B_1PatExt_2AlexInt","different-pat-quantised",2,"Introvert first","Extrovert","different","pat_ext","I felt that they were <br>different from me",0.84375,30,29,20,40,"Extrovert","different",1
11671818,"complete","B","B_1PatExt_2AlexInt","different-alex-quantised",5,"Introvert first","Introvert","different","pat_ext","I felt that they were <br>different from me",0.84375,30,29,20,40,"Introvert","different",-2
11671818,"complete","B","B_1PatExt_2AlexInt","chat-again-pat-quantised",5,"Introvert first","Extrovert","chat-again","pat_ext","I would chat <br>with them again",0.84375,30,29,20,40,"Extrovert","chat-again",2
11671818,"complete","B","B_1PatExt_2AlexInt","chat-again-alex-quantised",3,"Introvert first","Introvert","chat-again","pat_ext","I would chat <br>with them again",0.84375,30,29,20,40,"Introvert","chat-again",0
11672647,"complete","B","B_1PatExt_2AlexInt","similar-pat-quantised",2,"Introvert first","Extrovert","similar","pat_ext","I felt that <br>we are similar",0.71875,26,25,25,26,"Extrovert","similar",-1
11672647,"complete","B","B_1PatExt_2AlexInt","similar-alex-quantised",4,"Introvert first","Introvert","similar","pat_ext","I felt that <br>we are similar",0.71875,26,25,25,26,"Introvert","similar",1
11672647,"complete","B","B_1PatExt_2AlexInt","enjoy-pat-quantised",2,"Introvert first","Extrovert","enjoy","pat_ext","I enjoyed our <br>conversation",0.71875,26,25,25,26,"Extrovert","enjoy",-1
11672647,"complete","B","B_1PatExt_2AlexInt","enjoy-alex-quantised",3,"Introvert first","Introvert","enjoy","pat_ext","I enjoyed our <br>conversation",0.71875,26,25,25,26,"Introvert","enjoy",0
11672647,"complete","B","B_1PatExt_2AlexInt","distant-pat-quantised",4,"Introvert first","Extrovert","distant","pat_ext","I felt distant <br>from them",0.71875,26,25,25,26,"Extrovert","distant",-1
11672647,"complete","B","B_1PatExt_2AlexInt","distant-alex-quantised",3,"Introvert first","Introvert","distant","pat_ext","I felt distant <br>from them",0.71875,26,25,25,26,"Introvert","distant",0
11672647,"complete","B","B_1PatExt_2AlexInt","understood-pat-quantised",2,"Introvert first","Extrovert","understood","pat_ext","I felt that <br>they understood me",0.71875,26,25,25,26,"Extrovert","understood",-1
11672647,"complete","B","B_1PatExt_2AlexInt","understood-alex-quantised",2,"Introvert first","Introvert","understood","pat_ext","I felt that <br>they understood me",0.71875,26,25,25,26,"Introvert","understood",-1
11672647,"complete","B","B_1PatExt_2AlexInt","different-pat-quantised",3,"Introvert first","Extrovert","different","pat_ext","I felt that they were <br>different from me",0.71875,26,25,25,26,"Extrovert","different",0
11672647,"complete","B","B_1PatExt_2AlexInt","different-alex-quantised",2,"Introvert first","Introvert","different","pat_ext","I felt that they were <br>different from me",0.71875,26,25,25,26,"Introvert","different",1
11672647,"complete","B","B_1PatExt_2AlexInt","chat-again-pat-quantised",2,"Introvert first","Extrovert","chat-again","pat_ext","I would chat <br>with them again",0.71875,26,25,25,26,"Extrovert","chat-again",-1
11672647,"complete","B","B_1PatExt_2AlexInt","chat-again-alex-quantised",2,"Introvert first","Introvert","chat-again","pat_ext","I would chat <br>with them again",0.71875,26,25,25,26,"Introvert","chat-again",-1
11674611,"complete","B","B_2AlexInt_1PatExt","similar-alex-quantised",3,"Extrovert first","Introvert","similar","alex_int","I felt that <br>we are similar",0.8125,26,29,24,35,"Introvert","similar",0
11674611,"complete","B","B_2AlexInt_1PatExt","similar-pat-quantised",3,"Extrovert first","Extrovert","similar","alex_int","I felt that <br>we are similar",0.8125,26,29,24,35,"Extrovert","similar",0
11674611,"complete","B","B_2AlexInt_1PatExt","enjoy-alex-quantised",3,"Extrovert first","Introvert","enjoy","alex_int","I enjoyed our <br>conversation",0.8125,26,29,24,35,"Introvert","enjoy",0
11674611,"complete","B","B_2AlexInt_1PatExt","enjoy-pat-quantised",3,"Extrovert first","Extrovert","enjoy","alex_int","I enjoyed our <br>conversation",0.8125,26,29,24,35,"Extrovert","enjoy",0
11674611,"complete","B","B_2AlexInt_1PatExt","distant-alex-quantised",4,"Extrovert first","Introvert","distant","alex_int","I felt distant <br>from them",0.8125,26,29,24,35,"Introvert","distant",-1
11674611,"complete","B","B_2AlexInt_1PatExt","distant-pat-quantised",4,"Extrovert first","Extrovert","distant","alex_int","I felt distant <br>from them",0.8125,26,29,24,35,"Extrovert","distant",-1
11674611,"complete","B","B_2AlexInt_1PatExt","understood-alex-quantised",3,"Extrovert first","Introvert","understood","alex_int","I felt that <br>they understood me",0.8125,26,29,24,35,"Introvert","understood",0
11674611,"complete","B","B_2AlexInt_1PatExt","understood-pat-quantised",3,"Extrovert first","Extrovert","understood","alex_int","I felt that <br>they understood me",0.8125,26,29,24,35,"Extrovert","understood",0
11674611,"complete","B","B_2AlexInt_1PatExt","different-alex-quantised",2,"Extrovert first","Introvert","different","alex_int","I felt that they were <br>different from me",0.8125,26,29,24,35,"Introvert","different",1
11674611,"complete","B","B_2AlexInt_1PatExt","different-pat-quantised",2,"Extrovert first","Extrovert","different","alex_int","I felt that they were <br>different from me",0.8125,26,29,24,35,"Extrovert","different",1
11674611,"complete","B","B_2AlexInt_1PatExt","chat-again-alex-quantised",3,"Extrovert first","Introvert","chat-again","alex_int","I would chat <br>with them again",0.8125,26,29,24,35,"Introvert","chat-again",0
11674611,"complete","B","B_2AlexInt_1PatExt","chat-again-pat-quantised",3,"Extrovert first","Extrovert","chat-again","alex_int","I would chat <br>with them again",0.8125,26,29,24,35,"Extrovert","chat-again",0
11674631,"complete","B","B_1PatExt_2AlexInt","similar-pat-quantised",4,"Introvert first","Extrovert","similar","pat_ext","I felt that <br>we are similar",0.71875,33,37,30,43,"Extrovert","similar",1
11674631,"complete","B","B_1PatExt_2AlexInt","similar-alex-quantised",4,"Introvert first","Introvert","similar","pat_ext","I felt that <br>we are similar",0.71875,33,37,30,43,"Introvert","similar",1
11674631,"complete","B","B_1PatExt_2AlexInt","enjoy-pat-quantised",4,"Introvert first","Extrovert","enjoy","pat_ext","I enjoyed our <br>conversation",0.71875,33,37,30,43,"Extrovert","enjoy",1
11674631,"complete","B","B_1PatExt_2AlexInt","enjoy-alex-quantised",4,"Introvert first","Introvert","enjoy","pat_ext","I enjoyed our <br>conversation",0.71875,33,37,30,43,"Introvert","enjoy",1
11674631,"complete","B","B_1PatExt_2AlexInt","distant-pat-quantised",3,"Introvert first","Extrovert","distant","pat_ext","I felt distant <br>from them",0.71875,33,37,30,43,"Extrovert","distant",0
11674631,"complete","B","B_1PatExt_2AlexInt","distant-alex-quantised",3,"Introvert first","Introvert","distant","pat_ext","I felt distant <br>from them",0.71875,33,37,30,43,"Introvert","distant",0
11674631,"complete","B","B_1PatExt_2AlexInt","understood-pat-quantised",4,"Introvert first","Extrovert","understood","pat_ext","I felt that <br>they understood me",0.71875,33,37,30,43,"Extrovert","understood",1
11674631,"complete","B","B_1PatExt_2AlexInt","understood-alex-quantised",4,"Introvert first","Introvert","understood","pat_ext","I felt that <br>they understood me",0.71875,33,37,30,43,"Introvert","understood",1
11674631,"complete","B","B_1PatExt_2AlexInt","different-pat-quantised",3,"Introvert first","Extrovert","different","pat_ext","I felt that they were <br>different from me",0.71875,33,37,30,43,"Extrovert","different",0
11674631,"complete","B","B_1PatExt_2AlexInt","different-alex-quantised",3,"Introvert first","Introvert","different","pat_ext","I felt that they were <br>different from me",0.71875,33,37,30,43,"Introvert","different",0
11674631,"complete","B","B_1PatExt_2AlexInt","chat-again-pat-quantised",3,"Introvert first","Extrovert","chat-again","pat_ext","I would chat <br>with them again",0.71875,33,37,30,43,"Extrovert","chat-again",0
11674631,"complete","B","B_1PatExt_2AlexInt","chat-again-alex-quantised",3,"Introvert first","Introvert","chat-again","pat_ext","I would chat <br>with them again",0.71875,33,37,30,43,"Introvert","chat-again",0
11675287,"complete","B","B_2AlexInt_1PatExt","similar-alex-quantised",4,"Extrovert first","Introvert","similar","alex_int","I felt that <br>we are similar",0.8125,34,26,28,42,"Introvert","similar",1
11675287,"complete","B","B_2AlexInt_1PatExt","similar-pat-quantised",4,"Extrovert first","Extrovert","similar","alex_int","I felt that <br>we are similar",0.8125,34,26,28,42,"Extrovert","similar",1
11675287,"complete","B","B_2AlexInt_1PatExt","enjoy-alex-quantised",5,"Extrovert first","Introvert","enjoy","alex_int","I enjoyed our <br>conversation",0.8125,34,26,28,42,"Introvert","enjoy",2
11675287,"complete","B","B_2AlexInt_1PatExt","enjoy-pat-quantised",5,"Extrovert first","Extrovert","enjoy","alex_int","I enjoyed our <br>conversation",0.8125,34,26,28,42,"Extrovert","enjoy",2
11675287,"complete","B","B_2AlexInt_1PatExt","distant-alex-quantised",1,"Extrovert first","Introvert","distant","alex_int","I felt distant <br>from them",0.8125,34,26,28,42,"Introvert","distant",2
11675287,"complete","B","B_2AlexInt_1PatExt","distant-pat-quantised",1,"Extrovert first","Extrovert","distant","alex_int","I felt distant <br>from them",0.8125,34,26,28,42,"Extrovert","distant",2
11675287,"complete","B","B_2AlexInt_1PatExt","understood-alex-quantised",5,"Extrovert first","Introvert","understood","alex_int","I felt that <br>they understood me",0.8125,34,26,28,42,"Introvert","understood",2
11675287,"complete","B","B_2AlexInt_1PatExt","understood-pat-quantised",5,"Extrovert first","Extrovert","understood","alex_int","I felt that <br>they understood me",0.8125,34,26,28,42,"Extrovert","understood",2
11675287,"complete","B","B_2AlexInt_1PatExt","different-alex-quantised",1,"Extrovert first","Introvert","different","alex_int","I felt that they were <br>different from me",0.8125,34,26,28,42,"Introvert","different",2
11675287,"complete","B","B_2AlexInt_1PatExt","different-pat-quantised",1,"Extrovert first","Extrovert","different","alex_int","I felt that they were <br>different from me",0.8125,34,26,28,42,"Extrovert","different",2
11675287,"complete","B","B_2AlexInt_1PatExt","chat-again-alex-quantised",5,"Extrovert first","Introvert","chat-again","alex_int","I would chat <br>with them again",0.8125,34,26,28,42,"Introvert","chat-again",2
11675287,"complete","B","B_2AlexInt_1PatExt","chat-again-pat-quantised",5,"Extrovert first","Extrovert","chat-again","alex_int","I would chat <br>with them again",0.8125,34,26,28,42,"Extrovert","chat-again",2
11913392,"complete","B","B_2AlexInt_1PatExt","similar-alex-quantised",2,"Extrovert first","Introvert","similar","alex_int","I felt that <br>we are similar",0.78125,25,30,21,41,"Introvert","similar",-1
11913392,"complete","B","B_2AlexInt_1PatExt","similar-pat-quantised",4,"Extrovert first","Extrovert","similar","alex_int","I felt that <br>we are similar",0.78125,25,30,21,41,"Extrovert","similar",1
11913392,"complete","B","B_2AlexInt_1PatExt","enjoy-alex-quantised",4,"Extrovert first","Introvert","enjoy","alex_int","I enjoyed our <br>conversation",0.78125,25,30,21,41,"Introvert","enjoy",1
11913392,"complete","B","B_2AlexInt_1PatExt","enjoy-pat-quantised",5,"Extrovert first","Extrovert","enjoy","alex_int","I enjoyed our <br>conversation",0.78125,25,30,21,41,"Extrovert","enjoy",2
11913392,"complete","B","B_2AlexInt_1PatExt","distant-alex-quantised",4,"Extrovert first","Introvert","distant","alex_int","I felt distant <br>from them",0.78125,25,30,21,41,"Introvert","distant",-1
11913392,"complete","B","B_2AlexInt_1PatExt","distant-pat-quantised",2,"Extrovert first","Extrovert","distant","alex_int","I felt distant <br>from them",0.78125,25,30,21,41,"Extrovert","distant",1
11913392,"complete","B","B_2AlexInt_1PatExt","understood-alex-quantised",4,"Extrovert first","Introvert","understood","alex_int","I felt that <br>they understood me",0.78125,25,30,21,41,"Introvert","understood",1
11913392,"complete","B","B_2AlexInt_1PatExt","understood-pat-quantised",4,"Extrovert first","Extrovert","understood","alex_int","I felt that <br>they understood me",0.78125,25,30,21,41,"Extrovert","understood",1
11913392,"complete","B","B_2AlexInt_1PatExt","different-alex-quantised",4,"Extrovert first","Introvert","different","alex_int","I felt that they were <br>different from me",0.78125,25,30,21,41,"Introvert","different",-1
11913392,"complete","B","B_2AlexInt_1PatExt","different-pat-quantised",2,"Extrovert first","Extrovert","different","alex_int","I felt that they were <br>different from me",0.78125,25,30,21,41,"Extrovert","different",1
11913392,"complete","B","B_2AlexInt_1PatExt","chat-again-alex-quantised",4,"Extrovert first","Introvert","chat-again","alex_int","I would chat <br>with them again",0.78125,25,30,21,41,"Introvert","chat-again",1
11913392,"complete","B","B_2AlexInt_1PatExt","chat-again-pat-quantised",4,"Extrovert first","Extrovert","chat-again","alex_int","I would chat <br>with them again",0.78125,25,30,21,41,"Extrovert","chat-again",1
11914120,"complete","B","B_1PatExt_2AlexInt","similar-pat-quantised",4,"Introvert first","Extrovert","similar","pat_ext","I felt that <br>we are similar",0.8125,27,31,30,38,"Extrovert","similar",1
11914120,"complete","B","B_1PatExt_2AlexInt","similar-alex-quantised",4,"Introvert first","Introvert","similar","pat_ext","I felt that <br>we are similar",0.8125,27,31,30,38,"Introvert","similar",1
11914120,"complete","B","B_1PatExt_2AlexInt","enjoy-pat-quantised",4,"Introvert first","Extrovert","enjoy","pat_ext","I enjoyed our <br>conversation",0.8125,27,31,30,38,"Extrovert","enjoy",1
11914120,"complete","B","B_1PatExt_2AlexInt","enjoy-alex-quantised",4,"Introvert first","Introvert","enjoy","pat_ext","I enjoyed our <br>conversation",0.8125,27,31,30,38,"Introvert","enjoy",1
11914120,"complete","B","B_1PatExt_2AlexInt","distant-pat-quantised",4,"Introvert first","Extrovert","distant","pat_ext","I felt distant <br>from them",0.8125,27,31,30,38,"Extrovert","distant",-1
11914120,"complete","B","B_1PatExt_2AlexInt","distant-alex-quantised",4,"Introvert first","Introvert","distant","pat_ext","I felt distant <br>from them",0.8125,27,31,30,38,"Introvert","distant",-1
11914120,"complete","B","B_1PatExt_2AlexInt","understood-pat-quantised",5,"Introvert first","Extrovert","understood","pat_ext","I felt that <br>they understood me",0.8125,27,31,30,38,"Extrovert","understood",2
11914120,"complete","B","B_1PatExt_2AlexInt","understood-alex-quantised",5,"Introvert first","Introvert","understood","pat_ext","I felt that <br>they understood me",0.8125,27,31,30,38,"Introvert","understood",2
11914120,"complete","B","B_1PatExt_2AlexInt","different-pat-quantised",4,"Introvert first","Extrovert","different","pat_ext","I felt that they were <br>different from me",0.8125,27,31,30,38,"Extrovert","different",-1
11914120,"complete","B","B_1PatExt_2AlexInt","different-alex-quantised",2,"Introvert first","Introvert","different","pat_ext","I felt that they were <br>different from me",0.8125,27,31,30,38,"Introvert","different",1
11914120,"complete","B","B_1PatExt_2AlexInt","chat-again-pat-quantised",3,"Introvert first","Extrovert","chat-again","pat_ext","I would chat <br>with them again",0.8125,27,31,30,38,"Extrovert","chat-again",0
11914120,"complete","B","B_1PatExt_2AlexInt","chat-again-alex-quantised",3,"Introvert first","Introvert","chat-again","pat_ext","I would chat <br>with them again",0.8125,27,31,30,38,"Introvert","chat-again",0
11931829,"complete","A","A_2PatInt_1AlexExt","similar-pat-quantised",3,"Introvert first","Introvert","similar","pat_int","I felt that <br>we are similar",0.71875,26,36,28,36,"Introvert","similar",0
11931829,"complete","A","A_2PatInt_1AlexExt","similar-alex-quantised",2,"Introvert first","Extrovert","similar","pat_int","I felt that <br>we are similar",0.71875,26,36,28,36,"Extrovert","similar",-1
11931829,"complete","A","A_2PatInt_1AlexExt","enjoy-pat-quantised",3,"Introvert first","Introvert","enjoy","pat_int","I enjoyed our <br>conversation",0.71875,26,36,28,36,"Introvert","enjoy",0
11931829,"complete","A","A_2PatInt_1AlexExt","enjoy-alex-quantised",4,"Introvert first","Extrovert","enjoy","pat_int","I enjoyed our <br>conversation",0.71875,26,36,28,36,"Extrovert","enjoy",1
11931829,"complete","A","A_2PatInt_1AlexExt","distant-pat-quantised",3,"Introvert first","Introvert","distant","pat_int","I felt distant <br>from them",0.71875,26,36,28,36,"Introvert","distant",0
11931829,"complete","A","A_2PatInt_1AlexExt","distant-alex-quantised",3,"Introvert first","Extrovert","distant","pat_int","I felt distant <br>from them",0.71875,26,36,28,36,"Extrovert","distant",0
11931829,"complete","A","A_2PatInt_1AlexExt","understood-pat-quantised",2,"Introvert first","Introvert","understood","pat_int","I felt that <br>they understood me",0.71875,26,36,28,36,"Introvert","understood",-1
11931829,"complete","A","A_2PatInt_1AlexExt","understood-alex-quantised",2,"Introvert first","Extrovert","understood","pat_int","I felt that <br>they understood me",0.71875,26,36,28,36,"Extrovert","understood",-1
11931829,"complete","A","A_2PatInt_1AlexExt","different-pat-quantised",3,"Introvert first","Introvert","different","pat_int","I felt that they were <br>different from me",0.71875,26,36,28,36,"Introvert","different",0
11931829,"complete","A","A_2PatInt_1AlexExt","different-alex-quantised",2,"Introvert first","Extrovert","different","pat_int","I felt that they were <br>different from me",0.71875,26,36,28,36,"Extrovert","different",1
11931829,"complete","A","A_2PatInt_1AlexExt","chat-again-pat-quantised",3,"Introvert first","Introvert","chat-again","pat_int","I would chat <br>with them again",0.71875,26,36,28,36,"Introvert","chat-again",0
11931829,"complete","A","A_2PatInt_1AlexExt","chat-again-alex-quantised",3,"Introvert first","Extrovert","chat-again","pat_int","I would chat <br>with them again",0.71875,26,36,28,36,"Extrovert","chat-again",0
11931864,"complete","A","A_1AlexExt_2PatInt","similar-alex-quantised",4,"Extrovert first","Extrovert","similar","alex_ext","I felt that <br>we are similar",0.71875,25,26,17,32,"Extrovert","similar",1
11931864,"complete","A","A_1AlexExt_2PatInt","similar-pat-quantised",3,"Extrovert first","Introvert","similar","alex_ext","I felt that <br>we are similar",0.71875,25,26,17,32,"Introvert","similar",0
11931864,"complete","A","A_1AlexExt_2PatInt","enjoy-alex-quantised",4,"Extrovert first","Extrovert","enjoy","alex_ext","I enjoyed our <br>conversation",0.71875,25,26,17,32,"Extrovert","enjoy",1
11931864,"complete","A","A_1AlexExt_2PatInt","enjoy-pat-quantised",5,"Extrovert first","Introvert","enjoy","alex_ext","I enjoyed our <br>conversation",0.71875,25,26,17,32,"Introvert","enjoy",2
11931864,"complete","A","A_1AlexExt_2PatInt","distant-alex-quantised",2,"Extrovert first","Extrovert","distant","alex_ext","I felt distant <br>from them",0.71875,25,26,17,32,"Extrovert","distant",1
11931864,"complete","A","A_1AlexExt_2PatInt","distant-pat-quantised",2,"Extrovert first","Introvert","distant","alex_ext","I felt distant <br>from them",0.71875,25,26,17,32,"Introvert","distant",1
11931864,"complete","A","A_1AlexExt_2PatInt","understood-alex-quantised",4,"Extrovert first","Extrovert","understood","alex_ext","I felt that <br>they understood me",0.71875,25,26,17,32,"Extrovert","understood",1
11931864,"complete","A","A_1AlexExt_2PatInt","understood-pat-quantised",4,"Extrovert first","Introvert","understood","alex_ext","I felt that <br>they understood me",0.71875,25,26,17,32,"Introvert","understood",1
11931864,"complete","A","A_1AlexExt_2PatInt","different-alex-quantised",2,"Extrovert first","Extrovert","different","alex_ext","I felt that they were <br>different from me",0.71875,25,26,17,32,"Extrovert","different",1
11931864,"complete","A","A_1AlexExt_2PatInt","different-pat-quantised",3,"Extrovert first","Introvert","different","alex_ext","I felt that they were <br>different from me",0.71875,25,26,17,32,"Introvert","different",0
11931864,"complete","A","A_1AlexExt_2PatInt","chat-again-alex-quantised",5,"Extrovert first","Extrovert","chat-again","alex_ext","I would chat <br>with them again",0.71875,25,26,17,32,"Extrovert","chat-again",2
11931864,"complete","A","A_1AlexExt_2PatInt","chat-again-pat-quantised",3,"Extrovert first","Introvert","chat-again","alex_ext","I would chat <br>with them again",0.71875,25,26,17,32,"Introvert","chat-again",0
11932074,"complete","A","A_1AlexExt_2PatInt","similar-alex-quantised",2,"Extrovert first","Extrovert","similar","alex_ext","I felt that <br>we are similar",0.3125,37,37,30,21,"Extrovert","similar",-1
11932074,"complete","A","A_1AlexExt_2PatInt","similar-pat-quantised",5,"Extrovert first","Introvert","similar","alex_ext","I felt that <br>we are similar",0.3125,37,37,30,21,"Introvert","similar",2
11932074,"complete","A","A_1AlexExt_2PatInt","enjoy-alex-quantised",1,"Extrovert first","Extrovert","enjoy","alex_ext","I enjoyed our <br>conversation",0.3125,37,37,30,21,"Extrovert","enjoy",-2
11932074,"complete","A","A_1AlexExt_2PatInt","enjoy-pat-quantised",4,"Extrovert first","Introvert","enjoy","alex_ext","I enjoyed our <br>conversation",0.3125,37,37,30,21,"Introvert","enjoy",1
11932074,"complete","A","A_1AlexExt_2PatInt","distant-alex-quantised",5,"Extrovert first","Extrovert","distant","alex_ext","I felt distant <br>from them",0.3125,37,37,30,21,"Extrovert","distant",-2
11932074,"complete","A","A_1AlexExt_2PatInt","distant-pat-quantised",2,"Extrovert first","Introvert","distant","alex_ext","I felt distant <br>from them",0.3125,37,37,30,21,"Introvert","distant",1
11932074,"complete","A","A_1AlexExt_2PatInt","understood-alex-quantised",4,"Extrovert first","Extrovert","understood","alex_ext","I felt that <br>they understood me",0.3125,37,37,30,21,"Extrovert","understood",1
11932074,"complete","A","A_1AlexExt_2PatInt","understood-pat-quantised",4,"Extrovert first","Introvert","understood","alex_ext","I felt that <br>they understood me",0.3125,37,37,30,21,"Introvert","understood",1
11932074,"complete","A","A_1AlexExt_2PatInt","different-alex-quantised",4,"Extrovert first","Extrovert","different","alex_ext","I felt that they were <br>different from me",0.3125,37,37,30,21,"Extrovert","different",-1
11932074,"complete","A","A_1AlexExt_2PatInt","different-pat-quantised",5,"Extrovert first","Introvert","different","alex_ext","I felt that they were <br>different from me",0.3125,37,37,30,21,"Introvert","different",-2
11932074,"complete","A","A_1AlexExt_2PatInt","chat-again-alex-quantised",3,"Extrovert first","Extrovert","chat-again","alex_ext","I would chat <br>with them again",0.3125,37,37,30,21,"Extrovert","chat-again",0
11932074,"complete","A","A_1AlexExt_2PatInt","chat-again-pat-quantised",5,"Extrovert first","Introvert","chat-again","alex_ext","I would chat <br>with them again",0.3125,37,37,30,21,"Introvert","chat-again",2
11932189,"complete","A","A_1AlexExt_2PatInt","similar-alex-quantised",2,"Extrovert first","Extrovert","similar","alex_ext","I felt that <br>we are similar",0.75,39,36,28,21,"Extrovert","similar",-1
11932189,"complete","A","A_1AlexExt_2PatInt","similar-pat-quantised",5,"Extrovert first","Introvert","similar","alex_ext","I felt that <br>we are similar",0.75,39,36,28,21,"Introvert","similar",2
11932189,"complete","A","A_1AlexExt_2PatInt","enjoy-alex-quantised",5,"Extrovert first","Extrovert","enjoy","alex_ext","I enjoyed our <br>conversation",0.75,39,36,28,21,"Extrovert","enjoy",2
11932189,"complete","A","A_1AlexExt_2PatInt","enjoy-pat-quantised",5,"Extrovert first","Introvert","enjoy","alex_ext","I enjoyed our <br>conversation",0.75,39,36,28,21,"Introvert","enjoy",2
11932189,"complete","A","A_1AlexExt_2PatInt","distant-alex-quantised",2,"Extrovert first","Extrovert","distant","alex_ext","I felt distant <br>from them",0.75,39,36,28,21,"Extrovert","distant",1
11932189,"complete","A","A_1AlexExt_2PatInt","distant-pat-quantised",1,"Extrovert first","Introvert","distant","alex_ext","I felt distant <br>from them",0.75,39,36,28,21,"Introvert","distant",2
11932189,"complete","A","A_1AlexExt_2PatInt","understood-alex-quantised",4,"Extrovert first","Extrovert","understood","alex_ext","I felt that <br>they understood me",0.75,39,36,28,21,"Extrovert","understood",1
11932189,"complete","A","A_1AlexExt_2PatInt","understood-pat-quantised",5,"Extrovert first","Introvert","understood","alex_ext","I felt that <br>they understood me",0.75,39,36,28,21,"Introvert","understood",2
11932189,"complete","A","A_1AlexExt_2PatInt","different-alex-quantised",2,"Extrovert first","Extrovert","different","alex_ext","I felt that they were <br>different from me",0.75,39,36,28,21,"Extrovert","different",1
11932189,"complete","A","A_1AlexExt_2PatInt","different-pat-quantised",1,"Extrovert first","Introvert","different","alex_ext","I felt that they were <br>different from me",0.75,39,36,28,21,"Introvert","different",2
11932189,"complete","A","A_1AlexExt_2PatInt","chat-again-alex-quantised",5,"Extrovert first","Extrovert","chat-again","alex_ext","I would chat <br>with them again",0.75,39,36,28,21,"Extrovert","chat-again",2
11932189,"complete","A","A_1AlexExt_2PatInt","chat-again-pat-quantised",5,"Extrovert first","Introvert","chat-again","alex_ext","I would chat <br>with them again",0.75,39,36,28,21,"Introvert","chat-again",2
11932374,"complete","A","A_2PatInt_1AlexExt","similar-pat-quantised",4,"Introvert first","Introvert","similar","pat_int","I felt that <br>we are similar",0.65625,23,32,30,34,"Introvert","similar",1
11932374,"complete","A","A_2PatInt_1AlexExt","similar-alex-quantised",2,"Introvert first","Extrovert","similar","pat_int","I felt that <br>we are similar",0.65625,23,32,30,34,"Extrovert","similar",-1
11932374,"complete","A","A_2PatInt_1AlexExt","enjoy-pat-quantised",4,"Introvert first","Introvert","enjoy","pat_int","I enjoyed our <br>conversation",0.65625,23,32,30,34,"Introvert","enjoy",1
11932374,"complete","A","A_2PatInt_1AlexExt","enjoy-alex-quantised",2,"Introvert first","Extrovert","enjoy","pat_int","I enjoyed our <br>conversation",0.65625,23,32,30,34,"Extrovert","enjoy",-1
11932374,"complete","A","A_2PatInt_1AlexExt","distant-pat-quantised",2,"Introvert first","Introvert","distant","pat_int","I felt distant <br>from them",0.65625,23,32,30,34,"Introvert","distant",1
11932374,"complete","A","A_2PatInt_1AlexExt","distant-alex-quantised",4,"Introvert first","Extrovert","distant","pat_int","I felt distant <br>from them",0.65625,23,32,30,34,"Extrovert","distant",-1
11932374,"complete","A","A_2PatInt_1AlexExt","understood-pat-quantised",4,"Introvert first","Introvert","understood","pat_int","I felt that <br>they understood me",0.65625,23,32,30,34,"Introvert","understood",1
11932374,"complete","A","A_2PatInt_1AlexExt","understood-alex-quantised",2,"Introvert first","Extrovert","understood","pat_int","I felt that <br>they understood me",0.65625,23,32,30,34,"Extrovert","understood",-1
11932374,"complete","A","A_2PatInt_1AlexExt","different-pat-quantised",2,"Introvert first","Introvert","different","pat_int","I felt that they were <br>different from me",0.65625,23,32,30,34,"Introvert","different",1
11932374,"complete","A","A_2PatInt_1AlexExt","different-alex-quantised",4,"Introvert first","Extrovert","different","pat_int","I felt that they were <br>different from me",0.65625,23,32,30,34,"Extrovert","different",-1
11932374,"complete","A","A_2PatInt_1AlexExt","chat-again-pat-quantised",4,"Introvert first","Introvert","chat-again","pat_int","I would chat <br>with them again",0.65625,23,32,30,34,"Introvert","chat-again",1
11932374,"complete","A","A_2PatInt_1AlexExt","chat-again-alex-quantised",2,"Introvert first","Extrovert","chat-again","pat_int","I would chat <br>with them again",0.65625,23,32,30,34,"Extrovert","chat-again",-1
11932375,"complete","A","A_2PatInt_1AlexExt","similar-pat-quantised",4,"Introvert first","Introvert","similar","pat_int","I felt that <br>we are similar",0.71875,30,30,24,26,"Introvert","similar",1
11932375,"complete","A","A_2PatInt_1AlexExt","similar-alex-quantised",2,"Introvert first","Extrovert","similar","pat_int","I felt that <br>we are similar",0.71875,30,30,24,26,"Extrovert","similar",-1
11932375,"complete","A","A_2PatInt_1AlexExt","enjoy-pat-quantised",5,"Introvert first","Introvert","enjoy","pat_int","I enjoyed our <br>conversation",0.71875,30,30,24,26,"Introvert","enjoy",2
11932375,"complete","A","A_2PatInt_1AlexExt","enjoy-alex-quantised",2,"Introvert first","Extrovert","enjoy","pat_int","I enjoyed our <br>conversation",0.71875,30,30,24,26,"Extrovert","enjoy",-1
11932375,"complete","A","A_2PatInt_1AlexExt","distant-pat-quantised",2,"Introvert first","Introvert","distant","pat_int","I felt distant <br>from them",0.71875,30,30,24,26,"Introvert","distant",1
11932375,"complete","A","A_2PatInt_1AlexExt","distant-alex-quantised",5,"Introvert first","Extrovert","distant","pat_int","I felt distant <br>from them",0.71875,30,30,24,26,"Extrovert","distant",-2
11932375,"complete","A","A_2PatInt_1AlexExt","understood-pat-quantised",4,"Introvert first","Introvert","understood","pat_int","I felt that <br>they understood me",0.71875,30,30,24,26,"Introvert","understood",1
11932375,"complete","A","A_2PatInt_1AlexExt","understood-alex-quantised",2,"Introvert first","Extrovert","understood","pat_int","I felt that <br>they understood me",0.71875,30,30,24,26,"Extrovert","understood",-1
11932375,"complete","A","A_2PatInt_1AlexExt","different-pat-quantised",1,"Introvert first","Introvert","different","pat_int","I felt that they were <br>different from me",0.71875,30,30,24,26,"Introvert","different",2
11932375,"complete","A","A_2PatInt_1AlexExt","different-alex-quantised",5,"Introvert first","Extrovert","different","pat_int","I felt that they were <br>different from me",0.71875,30,30,24,26,"Extrovert","different",-2
11932375,"complete","A","A_2PatInt_1AlexExt","chat-again-pat-quantised",5,"Introvert first","Introvert","chat-again","pat_int","I would chat <br>with them again",0.71875,30,30,24,26,"Introvert","chat-again",2
11932375,"complete","A","A_2PatInt_1AlexExt","chat-again-alex-quantised",1,"Introvert first","Extrovert","chat-again","pat_int","I would chat <br>with them again",0.71875,30,30,24,26,"Extrovert","chat-again",-2
11932406,"complete","A","A_1AlexExt_2PatInt","similar-alex-quantised",5,"Extrovert first","Extrovert","similar","alex_ext","I felt that <br>we are similar",0.875,25,29,25,42,"Extrovert","similar",2
11932406,"complete","A","A_1AlexExt_2PatInt","similar-pat-quantised",4,"Extrovert first","Introvert","similar","alex_ext","I felt that <br>we are similar",0.875,25,29,25,42,"Introvert","similar",1
11932406,"complete","A","A_1AlexExt_2PatInt","enjoy-alex-quantised",5,"Extrovert first","Extrovert","enjoy","alex_ext","I enjoyed our <br>conversation",0.875,25,29,25,42,"Extrovert","enjoy",2
11932406,"complete","A","A_1AlexExt_2PatInt","enjoy-pat-quantised",5,"Extrovert first","Introvert","enjoy","alex_ext","I enjoyed our <br>conversation",0.875,25,29,25,42,"Introvert","enjoy",2
11932406,"complete","A","A_1AlexExt_2PatInt","distant-alex-quantised",1,"Extrovert first","Extrovert","distant","alex_ext","I felt distant <br>from them",0.875,25,29,25,42,"Extrovert","distant",2
11932406,"complete","A","A_1AlexExt_2PatInt","distant-pat-quantised",1,"Extrovert first","Introvert","distant","alex_ext","I felt distant <br>from them",0.875,25,29,25,42,"Introvert","distant",2
11932406,"complete","A","A_1AlexExt_2PatInt","understood-alex-quantised",5,"Extrovert first","Extrovert","understood","alex_ext","I felt that <br>they understood me",0.875,25,29,25,42,"Extrovert","understood",2
11932406,"complete","A","A_1AlexExt_2PatInt","understood-pat-quantised",5,"Extrovert first","Introvert","understood","alex_ext","I felt that <br>they understood me",0.875,25,29,25,42,"Introvert","understood",2
11932406,"complete","A","A_1AlexExt_2PatInt","different-alex-quantised",1,"Extrovert first","Extrovert","different","alex_ext","I felt that they were <br>different from me",0.875,25,29,25,42,"Extrovert","different",2
11932406,"complete","A","A_1AlexExt_2PatInt","different-pat-quantised",2,"Extrovert first","Introvert","different","alex_ext","I felt that they were <br>different from me",0.875,25,29,25,42,"Introvert","different",1
11932406,"complete","A","A_1AlexExt_2PatInt","chat-again-alex-quantised",5,"Extrovert first","Extrovert","chat-again","alex_ext","I would chat <br>with them again",0.875,25,29,25,42,"Extrovert","chat-again",2
11932406,"complete","A","A_1AlexExt_2PatInt","chat-again-pat-quantised",5,"Extrovert first","Introvert","chat-again","alex_ext","I would chat <br>with them again",0.875,25,29,25,42,"Introvert","chat-again",2
11932489,"complete","A","A_1AlexExt_2PatInt","similar-alex-quantised",2,"Extrovert first","Extrovert","similar","alex_ext","I felt that <br>we are similar",0.59375,26,30,30,34,"Extrovert","similar",-1
11932489,"complete","A","A_1AlexExt_2PatInt","similar-pat-quantised",4,"Extrovert first","Introvert","similar","alex_ext","I felt that <br>we are similar",0.59375,26,30,30,34,"Introvert","similar",1
11932489,"complete","A","A_1AlexExt_2PatInt","enjoy-alex-quantised",4,"Extrovert first","Extrovert","enjoy","alex_ext","I enjoyed our <br>conversation",0.59375,26,30,30,34,"Extrovert","enjoy",1
11932489,"complete","A","A_1AlexExt_2PatInt","enjoy-pat-quantised",3,"Extrovert first","Introvert","enjoy","alex_ext","I enjoyed our <br>conversation",0.59375,26,30,30,34,"Introvert","enjoy",0
11932489,"complete","A","A_1AlexExt_2PatInt","distant-alex-quantised",2,"Extrovert first","Extrovert","distant","alex_ext","I felt distant <br>from them",0.59375,26,30,30,34,"Extrovert","distant",1
11932489,"complete","A","A_1AlexExt_2PatInt","distant-pat-quantised",1,"Extrovert first","Introvert","distant","alex_ext","I felt distant <br>from them",0.59375,26,30,30,34,"Introvert","distant",2
11932489,"complete","A","A_1AlexExt_2PatInt","understood-alex-quantised",3,"Extrovert first","Extrovert","understood","alex_ext","I felt that <br>they understood me",0.59375,26,30,30,34,"Extrovert","understood",0
11932489,"complete","A","A_1AlexExt_2PatInt","understood-pat-quantised",4,"Extrovert first","Introvert","understood","alex_ext","I felt that <br>they understood me",0.59375,26,30,30,34,"Introvert","understood",1
11932489,"complete","A","A_1AlexExt_2PatInt","different-alex-quantised",4,"Extrovert first","Extrovert","different","alex_ext","I felt that they were <br>different from me",0.59375,26,30,30,34,"Extrovert","different",-1
11932489,"complete","A","A_1AlexExt_2PatInt","different-pat-quantised",2,"Extrovert first","Introvert","different","alex_ext","I felt that they were <br>different from me",0.59375,26,30,30,34,"Introvert","different",1
11932489,"complete","A","A_1AlexExt_2PatInt","chat-again-alex-quantised",3,"Extrovert first","Extrovert","chat-again","alex_ext","I would chat <br>with them again",0.59375,26,30,30,34,"Extrovert","chat-again",0
11932489,"complete","A","A_1AlexExt_2PatInt","chat-again-pat-quantised",4,"Extrovert first","Introvert","chat-again","alex_ext","I would chat <br>with them again",0.59375,26,30,30,34,"Introvert","chat-again",1
11932513,"complete","A","A_2PatInt_1AlexExt","similar-pat-quantised",3,"Introvert first","Introvert","similar","pat_int","I felt that <br>we are similar",0.75,23,29,20,40,"Introvert","similar",0
11932513,"complete","A","A_2PatInt_1AlexExt","similar-alex-quantised",4,"Introvert first","Extrovert","similar","pat_int","I felt that <br>we are similar",0.75,23,29,20,40,"Extrovert","similar",1
11932513,"complete","A","A_2PatInt_1AlexExt","enjoy-pat-quantised",4,"Introvert first","Introvert","enjoy","pat_int","I enjoyed our <br>conversation",0.75,23,29,20,40,"Introvert","enjoy",1
11932513,"complete","A","A_2PatInt_1AlexExt","enjoy-alex-quantised",4,"Introvert first","Extrovert","enjoy","pat_int","I enjoyed our <br>conversation",0.75,23,29,20,40,"Extrovert","enjoy",1
11932513,"complete","A","A_2PatInt_1AlexExt","distant-pat-quantised",3,"Introvert first","Introvert","distant","pat_int","I felt distant <br>from them",0.75,23,29,20,40,"Introvert","distant",0
11932513,"complete","A","A_2PatInt_1AlexExt","distant-alex-quantised",2,"Introvert first","Extrovert","distant","pat_int","I felt distant <br>from them",0.75,23,29,20,40,"Extrovert","distant",1
11932513,"complete","A","A_2PatInt_1AlexExt","understood-pat-quantised",3,"Introvert first","Introvert","understood","pat_int","I felt that <br>they understood me",0.75,23,29,20,40,"Introvert","understood",0
11932513,"complete","A","A_2PatInt_1AlexExt","understood-alex-quantised",4,"Introvert first","Extrovert","understood","pat_int","I felt that <br>they understood me",0.75,23,29,20,40,"Extrovert","understood",1
11932513,"complete","A","A_2PatInt_1AlexExt","different-pat-quantised",4,"Introvert first","Introvert","different","pat_int","I felt that they were <br>different from me",0.75,23,29,20,40,"Introvert","different",-1
11932513,"complete","A","A_2PatInt_1AlexExt","different-alex-quantised",2,"Introvert first","Extrovert","different","pat_int","I felt that they were <br>different from me",0.75,23,29,20,40,"Extrovert","different",1
11932513,"complete","A","A_2PatInt_1AlexExt","chat-again-pat-quantised",4,"Introvert first","Introvert","chat-again","pat_int","I would chat <br>with them again",0.75,23,29,20,40,"Introvert","chat-again",1
11932513,"complete","A","A_2PatInt_1AlexExt","chat-again-alex-quantised",4,"Introvert first","Extrovert","chat-again","pat_int","I would chat <br>with them again",0.75,23,29,20,40,"Extrovert","chat-again",1
11932694,"complete","A","A_2PatInt_1AlexExt","similar-pat-quantised",3,"Introvert first","Introvert","similar","pat_int","I felt that <br>we are similar",0.78125,33,30,25,41,"Introvert","similar",0
11932694,"complete","A","A_2PatInt_1AlexExt","similar-alex-quantised",4,"Introvert first","Extrovert","similar","pat_int","I felt that <br>we are similar",0.78125,33,30,25,41,"Extrovert","similar",1
11932694,"complete","A","A_2PatInt_1AlexExt","enjoy-pat-quantised",4,"Introvert first","Introvert","enjoy","pat_int","I enjoyed our <br>conversation",0.78125,33,30,25,41,"Introvert","enjoy",1
11932694,"complete","A","A_2PatInt_1AlexExt","enjoy-alex-quantised",5,"Introvert first","Extrovert","enjoy","pat_int","I enjoyed our <br>conversation",0.78125,33,30,25,41,"Extrovert","enjoy",2
11932694,"complete","A","A_2PatInt_1AlexExt","distant-pat-quantised",4,"Introvert first","Introvert","distant","pat_int","I felt distant <br>from them",0.78125,33,30,25,41,"Introvert","distant",-1
11932694,"complete","A","A_2PatInt_1AlexExt","distant-alex-quantised",3,"Introvert first","Extrovert","distant","pat_int","I felt distant <br>from them",0.78125,33,30,25,41,"Extrovert","distant",0
11932694,"complete","A","A_2PatInt_1AlexExt","understood-pat-quantised",2,"Introvert first","Introvert","understood","pat_int","I felt that <br>they understood me",0.78125,33,30,25,41,"Introvert","understood",-1
11932694,"complete","A","A_2PatInt_1AlexExt","understood-alex-quantised",4,"Introvert first","Extrovert","understood","pat_int","I felt that <br>they understood me",0.78125,33,30,25,41,"Extrovert","understood",1
11932694,"complete","A","A_2PatInt_1AlexExt","different-pat-quantised",4,"Introvert first","Introvert","different","pat_int","I felt that they were <br>different from me",0.78125,33,30,25,41,"Introvert","different",-1
11932694,"complete","A","A_2PatInt_1AlexExt","different-alex-quantised",3,"Introvert first","Extrovert","different","pat_int","I felt that they were <br>different from me",0.78125,33,30,25,41,"Extrovert","different",0
11932694,"complete","A","A_2PatInt_1AlexExt","chat-again-pat-quantised",2,"Introvert first","Introvert","chat-again","pat_int","I would chat <br>with them again",0.78125,33,30,25,41,"Introvert","chat-again",-1
11932694,"complete","A","A_2PatInt_1AlexExt","chat-again-alex-quantised",4,"Introvert first","Extrovert","chat-again","pat_int","I would chat <br>with them again",0.78125,33,30,25,41,"Extrovert","chat-again",1
11934473,"complete","A","A_2PatInt_1AlexExt","similar-pat-quantised",3,"Introvert first","Introvert","similar","pat_int","I felt that <br>we are similar",0.8125,26,27,19,36,"Introvert","similar",0
11934473,"complete","A","A_2PatInt_1AlexExt","similar-alex-quantised",5,"Introvert first","Extrovert","similar","pat_int","I felt that <br>we are similar",0.8125,26,27,19,36,"Extrovert","similar",2
11934473,"complete","A","A_2PatInt_1AlexExt","enjoy-pat-quantised",3,"Introvert first","Introvert","enjoy","pat_int","I enjoyed our <br>conversation",0.8125,26,27,19,36,"Introvert","enjoy",0
11934473,"complete","A","A_2PatInt_1AlexExt","enjoy-alex-quantised",5,"Introvert first","Extrovert","enjoy","pat_int","I enjoyed our <br>conversation",0.8125,26,27,19,36,"Extrovert","enjoy",2
11934473,"complete","A","A_2PatInt_1AlexExt","distant-pat-quantised",5,"Introvert first","Introvert","distant","pat_int","I felt distant <br>from them",0.8125,26,27,19,36,"Introvert","distant",-2
11934473,"complete","A","A_2PatInt_1AlexExt","distant-alex-quantised",3,"Introvert first","Extrovert","distant","pat_int","I felt distant <br>from them",0.8125,26,27,19,36,"Extrovert","distant",0
11934473,"complete","A","A_2PatInt_1AlexExt","understood-pat-quantised",3,"Introvert first","Introvert","understood","pat_int","I felt that <br>they understood me",0.8125,26,27,19,36,"Introvert","understood",0
11934473,"complete","A","A_2PatInt_1AlexExt","understood-alex-quantised",4,"Introvert first","Extrovert","understood","pat_int","I felt that <br>they understood me",0.8125,26,27,19,36,"Extrovert","understood",1
11934473,"complete","A","A_2PatInt_1AlexExt","different-pat-quantised",4,"Introvert first","Introvert","different","pat_int","I felt that they were <br>different from me",0.8125,26,27,19,36,"Introvert","different",-1
11934473,"complete","A","A_2PatInt_1AlexExt","different-alex-quantised",2,"Introvert first","Extrovert","different","pat_int","I felt that they were <br>different from me",0.8125,26,27,19,36,"Extrovert","different",1
11934473,"complete","A","A_2PatInt_1AlexExt","chat-again-pat-quantised",2,"Introvert first","Introvert","chat-again","pat_int","I would chat <br>with them again",0.8125,26,27,19,36,"Introvert","chat-again",-1
11934473,"complete","A","A_2PatInt_1AlexExt","chat-again-alex-quantised",4,"Introvert first","Extrovert","chat-again","pat_int","I would chat <br>with them again",0.8125,26,27,19,36,"Extrovert","chat-again",1
11934547,"complete","A","A_1AlexExt_2PatInt","similar-alex-quantised",4,"Extrovert first","Extrovert","similar","alex_ext","I felt that <br>we are similar",0.78125,24,31,24,36,"Extrovert","similar",1
11934547,"complete","A","A_1AlexExt_2PatInt","similar-pat-quantised",3,"Extrovert first","Introvert","similar","alex_ext","I felt that <br>we are similar",0.78125,24,31,24,36,"Introvert","similar",0
11934547,"complete","A","A_1AlexExt_2PatInt","enjoy-alex-quantised",4,"Extrovert first","Extrovert","enjoy","alex_ext","I enjoyed our <br>conversation",0.78125,24,31,24,36,"Extrovert","enjoy",1
11934547,"complete","A","A_1AlexExt_2PatInt","enjoy-pat-quantised",4,"Extrovert first","Introvert","enjoy","alex_ext","I enjoyed our <br>conversation",0.78125,24,31,24,36,"Introvert","enjoy",1
11934547,"complete","A","A_1AlexExt_2PatInt","distant-alex-quantised",2,"Extrovert first","Extrovert","distant","alex_ext","I felt distant <br>from them",0.78125,24,31,24,36,"Extrovert","distant",1
11934547,"complete","A","A_1AlexExt_2PatInt","distant-pat-quantised",4,"Extrovert first","Introvert","distant","alex_ext","I felt distant <br>from them",0.78125,24,31,24,36,"Introvert","distant",-1
11934547,"complete","A","A_1AlexExt_2PatInt","understood-alex-quantised",5,"Extrovert first","Extrovert","understood","alex_ext","I felt that <br>they understood me",0.78125,24,31,24,36,"Extrovert","understood",2
11934547,"complete","A","A_1AlexExt_2PatInt","understood-pat-quantised",3,"Extrovert first","Introvert","understood","alex_ext","I felt that <br>they understood me",0.78125,24,31,24,36,"Introvert","understood",0
11934547,"complete","A","A_1AlexExt_2PatInt","different-alex-quantised",3,"Extrovert first","Extrovert","different","alex_ext","I felt that they were <br>different from me",0.78125,24,31,24,36,"Extrovert","different",0
11934547,"complete","A","A_1AlexExt_2PatInt","different-pat-quantised",4,"Extrovert first","Introvert","different","alex_ext","I felt that they were <br>different from me",0.78125,24,31,24,36,"Introvert","different",-1
11934547,"complete","A","A_1AlexExt_2PatInt","chat-again-alex-quantised",4,"Extrovert first","Extrovert","chat-again","alex_ext","I would chat <br>with them again",0.78125,24,31,24,36,"Extrovert","chat-again",1
11934547,"complete","A","A_1AlexExt_2PatInt","chat-again-pat-quantised",3,"Extrovert first","Introvert","chat-again","alex_ext","I would chat <br>with them again",0.78125,24,31,24,36,"Introvert","chat-again",0
11934574,"complete","A","A_1AlexExt_2PatInt","similar-alex-quantised",4,"Extrovert first","Extrovert","similar","alex_ext","I felt that <br>we are similar",0.6875,28,27,30,34,"Extrovert","similar",1
11934574,"complete","A","A_1AlexExt_2PatInt","similar-pat-quantised",4,"Extrovert first","Introvert","similar","alex_ext","I felt that <br>we are similar",0.6875,28,27,30,34,"Introvert","similar",1
11934574,"complete","A","A_1AlexExt_2PatInt","enjoy-alex-quantised",5,"Extrovert first","Extrovert","enjoy","alex_ext","I enjoyed our <br>conversation",0.6875,28,27,30,34,"Extrovert","enjoy",2
11934574,"complete","A","A_1AlexExt_2PatInt","enjoy-pat-quantised",5,"Extrovert first","Introvert","enjoy","alex_ext","I enjoyed our <br>conversation",0.6875,28,27,30,34,"Introvert","enjoy",2
11934574,"complete","A","A_1AlexExt_2PatInt","distant-alex-quantised",2,"Extrovert first","Extrovert","distant","alex_ext","I felt distant <br>from them",0.6875,28,27,30,34,"Extrovert","distant",1
11934574,"complete","A","A_1AlexExt_2PatInt","distant-pat-quantised",2,"Extrovert first","Introvert","distant","alex_ext","I felt distant <br>from them",0.6875,28,27,30,34,"Introvert","distant",1
11934574,"complete","A","A_1AlexExt_2PatInt","understood-alex-quantised",4,"Extrovert first","Extrovert","understood","alex_ext","I felt that <br>they understood me",0.6875,28,27,30,34,"Extrovert","understood",1
11934574,"complete","A","A_1AlexExt_2PatInt","understood-pat-quantised",4,"Extrovert first","Introvert","understood","alex_ext","I felt that <br>they understood me",0.6875,28,27,30,34,"Introvert","understood",1
11934574,"complete","A","A_1AlexExt_2PatInt","different-alex-quantised",2,"Extrovert first","Extrovert","different","alex_ext","I felt that they were <br>different from me",0.6875,28,27,30,34,"Extrovert","different",1
11934574,"complete","A","A_1AlexExt_2PatInt","different-pat-quantised",2,"Extrovert first","Introvert","different","alex_ext","I felt that they were <br>different from me",0.6875,28,27,30,34,"Introvert","different",1
11934574,"complete","A","A_1AlexExt_2PatInt","chat-again-alex-quantised",5,"Extrovert first","Extrovert","chat-again","alex_ext","I would chat <br>with them again",0.6875,28,27,30,34,"Extrovert","chat-again",2
11934574,"complete","A","A_1AlexExt_2PatInt","chat-again-pat-quantised",5,"Extrovert first","Introvert","chat-again","alex_ext","I would chat <br>with them again",0.6875,28,27,30,34,"Introvert","chat-again",2
11934591,"complete","A","A_2PatInt_1AlexExt","similar-pat-quantised",2,"Introvert first","Introvert","similar","pat_int","I felt that <br>we are similar",0.875,20,31,20,42,"Introvert","similar",-1
11934591,"complete","A","A_2PatInt_1AlexExt","similar-alex-quantised",5,"Introvert first","Extrovert","similar","pat_int","I felt that <br>we are similar",0.875,20,31,20,42,"Extrovert","similar",2
11934591,"complete","A","A_2PatInt_1AlexExt","enjoy-pat-quantised",4,"Introvert first","Introvert","enjoy","pat_int","I enjoyed our <br>conversation",0.875,20,31,20,42,"Introvert","enjoy",1
11934591,"complete","A","A_2PatInt_1AlexExt","enjoy-alex-quantised",5,"Introvert first","Extrovert","enjoy","pat_int","I enjoyed our <br>conversation",0.875,20,31,20,42,"Extrovert","enjoy",2
11934591,"complete","A","A_2PatInt_1AlexExt","distant-pat-quantised",3,"Introvert first","Introvert","distant","pat_int","I felt distant <br>from them",0.875,20,31,20,42,"Introvert","distant",0
11934591,"complete","A","A_2PatInt_1AlexExt","distant-alex-quantised",1,"Introvert first","Extrovert","distant","pat_int","I felt distant <br>from them",0.875,20,31,20,42,"Extrovert","distant",2
11934591,"complete","A","A_2PatInt_1AlexExt","understood-pat-quantised",4,"Introvert first","Introvert","understood","pat_int","I felt that <br>they understood me",0.875,20,31,20,42,"Introvert","understood",1
11934591,"complete","A","A_2PatInt_1AlexExt","understood-alex-quantised",5,"Introvert first","Extrovert","understood","pat_int","I felt that <br>they understood me",0.875,20,31,20,42,"Extrovert","understood",2
11934591,"complete","A","A_2PatInt_1AlexExt","different-pat-quantised",4,"Introvert first","Introvert","different","pat_int","I felt that they were <br>different from me",0.875,20,31,20,42,"Introvert","different",-1
11934591,"complete","A","A_2PatInt_1AlexExt","different-alex-quantised",1,"Introvert first","Extrovert","different","pat_int","I felt that they were <br>different from me",0.875,20,31,20,42,"Extrovert","different",2
11934591,"complete","A","A_2PatInt_1AlexExt","chat-again-pat-quantised",4,"Introvert first","Introvert","chat-again","pat_int","I would chat <br>with them again",0.875,20,31,20,42,"Introvert","chat-again",1
11934591,"complete","A","A_2PatInt_1AlexExt","chat-again-alex-quantised",5,"Introvert first","Extrovert","chat-again","pat_int","I would chat <br>with them again",0.875,20,31,20,42,"Extrovert","chat-again",2
11935138,"complete","A","A_1AlexExt_2PatInt","similar-alex-quantised",1,"Extrovert first","Extrovert","similar","alex_ext","I felt that <br>we are similar",0.84375,35,33,28,39,"Extrovert","similar",-2
11935138,"complete","A","A_1AlexExt_2PatInt","similar-pat-quantised",1,"Extrovert first","Introvert","similar","alex_ext","I felt that <br>we are similar",0.84375,35,33,28,39,"Introvert","similar",-2
11935138,"complete","A","A_1AlexExt_2PatInt","enjoy-alex-quantised",4,"Extrovert first","Extrovert","enjoy","alex_ext","I enjoyed our <br>conversation",0.84375,35,33,28,39,"Extrovert","enjoy",1
11935138,"complete","A","A_1AlexExt_2PatInt","enjoy-pat-quantised",4,"Extrovert first","Introvert","enjoy","alex_ext","I enjoyed our <br>conversation",0.84375,35,33,28,39,"Introvert","enjoy",1
11935138,"complete","A","A_1AlexExt_2PatInt","distant-alex-quantised",5,"Extrovert first","Extrovert","distant","alex_ext","I felt distant <br>from them",0.84375,35,33,28,39,"Extrovert","distant",-2
11935138,"complete","A","A_1AlexExt_2PatInt","distant-pat-quantised",5,"Extrovert first","Introvert","distant","alex_ext","I felt distant <br>from them",0.84375,35,33,28,39,"Introvert","distant",-2
11935138,"complete","A","A_1AlexExt_2PatInt","understood-alex-quantised",1,"Extrovert first","Extrovert","understood","alex_ext","I felt that <br>they understood me",0.84375,35,33,28,39,"Extrovert","understood",-2
11935138,"complete","A","A_1AlexExt_2PatInt","understood-pat-quantised",2,"Extrovert first","Introvert","understood","alex_ext","I felt that <br>they understood me",0.84375,35,33,28,39,"Introvert","understood",-1
11935138,"complete","A","A_1AlexExt_2PatInt","different-alex-quantised",4,"Extrovert first","Extrovert","different","alex_ext","I felt that they were <br>different from me",0.84375,35,33,28,39,"Extrovert","different",-1
11935138,"complete","A","A_1AlexExt_2PatInt","different-pat-quantised",4,"Extrovert first","Introvert","different","alex_ext","I felt that they were <br>different from me",0.84375,35,33,28,39,"Introvert","different",-1
11935138,"complete","A","A_1AlexExt_2PatInt","chat-again-alex-quantised",3,"Extrovert first","Extrovert","chat-again","alex_ext","I would chat <br>with them again",0.84375,35,33,28,39,"Extrovert","chat-again",0
11935138,"complete","A","A_1AlexExt_2PatInt","chat-again-pat-quantised",4,"Extrovert first","Introvert","chat-again","alex_ext","I would chat <br>with them again",0.84375,35,33,28,39,"Introvert","chat-again",1
11935599,"complete","A","A_1AlexExt_2PatInt","similar-alex-quantised",4,"Extrovert first","Extrovert","similar","alex_ext","I felt that <br>we are similar",0.8125,35,31,25,30,"Extrovert","similar",1
11935599,"complete","A","A_1AlexExt_2PatInt","similar-pat-quantised",2,"Extrovert first","Introvert","similar","alex_ext","I felt that <br>we are similar",0.8125,35,31,25,30,"Introvert","similar",-1
11935599,"complete","A","A_1AlexExt_2PatInt","enjoy-alex-quantised",3,"Extrovert first","Extrovert","enjoy","alex_ext","I enjoyed our <br>conversation",0.8125,35,31,25,30,"Extrovert","enjoy",0
11935599,"complete","A","A_1AlexExt_2PatInt","enjoy-pat-quantised",3,"Extrovert first","Introvert","enjoy","alex_ext","I enjoyed our <br>conversation",0.8125,35,31,25,30,"Introvert","enjoy",0
11935599,"complete","A","A_1AlexExt_2PatInt","distant-alex-quantised",3,"Extrovert first","Extrovert","distant","alex_ext","I felt distant <br>from them",0.8125,35,31,25,30,"Extrovert","distant",0
11935599,"complete","A","A_1AlexExt_2PatInt","distant-pat-quantised",4,"Extrovert first","Introvert","distant","alex_ext","I felt distant <br>from them",0.8125,35,31,25,30,"Introvert","distant",-1
11935599,"complete","A","A_1AlexExt_2PatInt","understood-alex-quantised",4,"Extrovert first","Extrovert","understood","alex_ext","I felt that <br>they understood me",0.8125,35,31,25,30,"Extrovert","understood",1
11935599,"complete","A","A_1AlexExt_2PatInt","understood-pat-quantised",2,"Extrovert first","Introvert","understood","alex_ext","I felt that <br>they understood me",0.8125,35,31,25,30,"Introvert","understood",-1
11935599,"complete","A","A_1AlexExt_2PatInt","different-alex-quantised",2,"Extrovert first","Extrovert","different","alex_ext","I felt that they were <br>different from me",0.8125,35,31,25,30,"Extrovert","different",1
11935599,"complete","A","A_1AlexExt_2PatInt","different-pat-quantised",4,"Extrovert first","Introvert","different","alex_ext","I felt that they were <br>different from me",0.8125,35,31,25,30,"Introvert","different",-1
11935599,"complete","A","A_1AlexExt_2PatInt","chat-again-alex-quantised",3,"Extrovert first","Extrovert","chat-again","alex_ext","I would chat <br>with them again",0.8125,35,31,25,30,"Extrovert","chat-again",0
11935599,"complete","A","A_1AlexExt_2PatInt","chat-again-pat-quantised",3,"Extrovert first","Introvert","chat-again","alex_ext","I would chat <br>with them again",0.8125,35,31,25,30,"Introvert","chat-again",0
11935789,"complete","A","A_2PatInt_1AlexExt","similar-pat-quantised",5,"Introvert first","Introvert","similar","pat_int","I felt that <br>we are similar",0.8125,29,33,26,41,"Introvert","similar",2
11935789,"complete","A","A_2PatInt_1AlexExt","similar-alex-quantised",4,"Introvert first","Extrovert","similar","pat_int","I felt that <br>we are similar",0.8125,29,33,26,41,"Extrovert","similar",1
11935789,"complete","A","A_2PatInt_1AlexExt","enjoy-pat-quantised",5,"Introvert first","Introvert","enjoy","pat_int","I enjoyed our <br>conversation",0.8125,29,33,26,41,"Introvert","enjoy",2
11935789,"complete","A","A_2PatInt_1AlexExt","enjoy-alex-quantised",4,"Introvert first","Extrovert","enjoy","pat_int","I enjoyed our <br>conversation",0.8125,29,33,26,41,"Extrovert","enjoy",1
11935789,"complete","A","A_2PatInt_1AlexExt","distant-pat-quantised",2,"Introvert first","Introvert","distant","pat_int","I felt distant <br>from them",0.8125,29,33,26,41,"Introvert","distant",1
11935789,"complete","A","A_2PatInt_1AlexExt","distant-alex-quantised",2,"Introvert first","Extrovert","distant","pat_int","I felt distant <br>from them",0.8125,29,33,26,41,"Extrovert","distant",1
11935789,"complete","A","A_2PatInt_1AlexExt","understood-pat-quantised",5,"Introvert first","Introvert","understood","pat_int","I felt that <br>they understood me",0.8125,29,33,26,41,"Introvert","understood",2
11935789,"complete","A","A_2PatInt_1AlexExt","understood-alex-quantised",4,"Introvert first","Extrovert","understood","pat_int","I felt that <br>they understood me",0.8125,29,33,26,41,"Extrovert","understood",1
11935789,"complete","A","A_2PatInt_1AlexExt","different-pat-quantised",2,"Introvert first","Introvert","different","pat_int","I felt that they were <br>different from me",0.8125,29,33,26,41,"Introvert","different",1
11935789,"complete","A","A_2PatInt_1AlexExt","different-alex-quantised",2,"Introvert first","Extrovert","different","pat_int","I felt that they were <br>different from me",0.8125,29,33,26,41,"Extrovert","different",1
11935789,"complete","A","A_2PatInt_1AlexExt","chat-again-pat-quantised",5,"Introvert first","Introvert","chat-again","pat_int","I would chat <br>with them again",0.8125,29,33,26,41,"Introvert","chat-again",2
11935789,"complete","A","A_2PatInt_1AlexExt","chat-again-alex-quantised",4,"Introvert first","Extrovert","chat-again","pat_int","I would chat <br>with them again",0.8125,29,33,26,41,"Extrovert","chat-again",1
11936703,"complete","A","A_1AlexExt_2PatInt","similar-alex-quantised",5,"Extrovert first","Extrovert","similar","alex_ext","I felt that <br>we are similar",0.90625,27,29,22,35,"Extrovert","similar",2
11936703,"complete","A","A_1AlexExt_2PatInt","similar-pat-quantised",3,"Extrovert first","Introvert","similar","alex_ext","I felt that <br>we are similar",0.90625,27,29,22,35,"Introvert","similar",0
11936703,"complete","A","A_1AlexExt_2PatInt","enjoy-alex-quantised",5,"Extrovert first","Extrovert","enjoy","alex_ext","I enjoyed our <br>conversation",0.90625,27,29,22,35,"Extrovert","enjoy",2
11936703,"complete","A","A_1AlexExt_2PatInt","enjoy-pat-quantised",2,"Extrovert first","Introvert","enjoy","alex_ext","I enjoyed our <br>conversation",0.90625,27,29,22,35,"Introvert","enjoy",-1
11936703,"complete","A","A_1AlexExt_2PatInt","distant-alex-quantised",2,"Extrovert first","Extrovert","distant","alex_ext","I felt distant <br>from them",0.90625,27,29,22,35,"Extrovert","distant",1
11936703,"complete","A","A_1AlexExt_2PatInt","distant-pat-quantised",5,"Extrovert first","Introvert","distant","alex_ext","I felt distant <br>from them",0.90625,27,29,22,35,"Introvert","distant",-2
11936703,"complete","A","A_1AlexExt_2PatInt","understood-alex-quantised",4,"Extrovert first","Extrovert","understood","alex_ext","I felt that <br>they understood me",0.90625,27,29,22,35,"Extrovert","understood",1
11936703,"complete","A","A_1AlexExt_2PatInt","understood-pat-quantised",3,"Extrovert first","Introvert","understood","alex_ext","I felt that <br>they understood me",0.90625,27,29,22,35,"Introvert","understood",0
11936703,"complete","A","A_1AlexExt_2PatInt","different-alex-quantised",4,"Extrovert first","Extrovert","different","alex_ext","I felt that they were <br>different from me",0.90625,27,29,22,35,"Extrovert","different",-1
11936703,"complete","A","A_1AlexExt_2PatInt","different-pat-quantised",4,"Extrovert first","Introvert","different","alex_ext","I felt that they were <br>different from me",0.90625,27,29,22,35,"Introvert","different",-1
11936703,"complete","A","A_1AlexExt_2PatInt","chat-again-alex-quantised",4,"Extrovert first","Extrovert","chat-again","alex_ext","I would chat <br>with them again",0.90625,27,29,22,35,"Extrovert","chat-again",1
11936703,"complete","A","A_1AlexExt_2PatInt","chat-again-pat-quantised",2,"Extrovert first","Introvert","chat-again","alex_ext","I would chat <br>with them again",0.90625,27,29,22,35,"Introvert","chat-again",-1
11940020,"complete","A","A_2PatInt_1AlexExt","similar-pat-quantised",2,"Introvert first","Introvert","similar","pat_int","I felt that <br>we are similar",0.875,23,26,20,40,"Introvert","similar",-1
11940020,"complete","A","A_2PatInt_1AlexExt","similar-alex-quantised",4,"Introvert first","Extrovert","similar","pat_int","I felt that <br>we are similar",0.875,23,26,20,40,"Extrovert","similar",1
11940020,"complete","A","A_2PatInt_1AlexExt","enjoy-pat-quantised",3,"Introvert first","Introvert","enjoy","pat_int","I enjoyed our <br>conversation",0.875,23,26,20,40,"Introvert","enjoy",0
11940020,"complete","A","A_2PatInt_1AlexExt","enjoy-alex-quantised",4,"Introvert first","Extrovert","enjoy","pat_int","I enjoyed our <br>conversation",0.875,23,26,20,40,"Extrovert","enjoy",1
11940020,"complete","A","A_2PatInt_1AlexExt","distant-pat-quantised",4,"Introvert first","Introvert","distant","pat_int","I felt distant <br>from them",0.875,23,26,20,40,"Introvert","distant",-1
11940020,"complete","A","A_2PatInt_1AlexExt","distant-alex-quantised",2,"Introvert first","Extrovert","distant","pat_int","I felt distant <br>from them",0.875,23,26,20,40,"Extrovert","distant",1
11940020,"complete","A","A_2PatInt_1AlexExt","understood-pat-quantised",3,"Introvert first","Introvert","understood","pat_int","I felt that <br>they understood me",0.875,23,26,20,40,"Introvert","understood",0
11940020,"complete","A","A_2PatInt_1AlexExt","understood-alex-quantised",4,"Introvert first","Extrovert","understood","pat_int","I felt that <br>they understood me",0.875,23,26,20,40,"Extrovert","understood",1
11940020,"complete","A","A_2PatInt_1AlexExt","different-pat-quantised",4,"Introvert first","Introvert","different","pat_int","I felt that they were <br>different from me",0.875,23,26,20,40,"Introvert","different",-1
11940020,"complete","A","A_2PatInt_1AlexExt","different-alex-quantised",2,"Introvert first","Extrovert","different","pat_int","I felt that they were <br>different from me",0.875,23,26,20,40,"Extrovert","different",1
11940020,"complete","A","A_2PatInt_1AlexExt","chat-again-pat-quantised",2,"Introvert first","Introvert","chat-again","pat_int","I would chat <br>with them again",0.875,23,26,20,40,"Introvert","chat-again",-1
11940020,"complete","A","A_2PatInt_1AlexExt","chat-again-alex-quantised",4,"Introvert first","Extrovert","chat-again","pat_int","I would chat <br>with them again",0.875,23,26,20,40,"Extrovert","chat-again",1
11940898,"complete","A","A_1AlexExt_2PatInt","similar-alex-quantised",4,"Extrovert first","Extrovert","similar","alex_ext","I felt that <br>we are similar",0.71875,22,29,24,37,"Extrovert","similar",1
11940898,"complete","A","A_1AlexExt_2PatInt","similar-pat-quantised",1,"Extrovert first","Introvert","similar","alex_ext","I felt that <br>we are similar",0.71875,22,29,24,37,"Introvert","similar",-2
11940898,"complete","A","A_1AlexExt_2PatInt","enjoy-alex-quantised",5,"Extrovert first","Extrovert","enjoy","alex_ext","I enjoyed our <br>conversation",0.71875,22,29,24,37,"Extrovert","enjoy",2
11940898,"complete","A","A_1AlexExt_2PatInt","enjoy-pat-quantised",2,"Extrovert first","Introvert","enjoy","alex_ext","I enjoyed our <br>conversation",0.71875,22,29,24,37,"Introvert","enjoy",-1
11940898,"complete","A","A_1AlexExt_2PatInt","distant-alex-quantised",1,"Extrovert first","Extrovert","distant","alex_ext","I felt distant <br>from them",0.71875,22,29,24,37,"Extrovert","distant",2
11940898,"complete","A","A_1AlexExt_2PatInt","distant-pat-quantised",4,"Extrovert first","Introvert","distant","alex_ext","I felt distant <br>from them",0.71875,22,29,24,37,"Introvert","distant",-1
11940898,"complete","A","A_1AlexExt_2PatInt","understood-alex-quantised",5,"Extrovert first","Extrovert","understood","alex_ext","I felt that <br>they understood me",0.71875,22,29,24,37,"Extrovert","understood",2
11940898,"complete","A","A_1AlexExt_2PatInt","understood-pat-quantised",4,"Extrovert first","Introvert","understood","alex_ext","I felt that <br>they understood me",0.71875,22,29,24,37,"Introvert","understood",1
11940898,"complete","A","A_1AlexExt_2PatInt","different-alex-quantised",2,"Extrovert first","Extrovert","different","alex_ext","I felt that they were <br>different from me",0.71875,22,29,24,37,"Extrovert","different",1
11940898,"complete","A","A_1AlexExt_2PatInt","different-pat-quantised",5,"Extrovert first","Introvert","different","alex_ext","I felt that they were <br>different from me",0.71875,22,29,24,37,"Introvert","different",-2
11940898,"complete","A","A_1AlexExt_2PatInt","chat-again-alex-quantised",4,"Extrovert first","Extrovert","chat-again","alex_ext","I would chat <br>with them again",0.71875,22,29,24,37,"Extrovert","chat-again",1
11940898,"complete","A","A_1AlexExt_2PatInt","chat-again-pat-quantised",1,"Extrovert first","Introvert","chat-again","alex_ext","I would chat <br>with them again",0.71875,22,29,24,37,"Introvert","chat-again",-2
11941590,"complete","A","A_1AlexExt_2PatInt","similar-alex-quantised",3,"Extrovert first","Extrovert","similar","alex_ext","I felt that <br>we are similar",0.78125,27,32,30,44,"Extrovert","similar",0
11941590,"complete","A","A_1AlexExt_2PatInt","similar-pat-quantised",2,"Extrovert first","Introvert","similar","alex_ext","I felt that <br>we are similar",0.78125,27,32,30,44,"Introvert","similar",-1
11941590,"complete","A","A_1AlexExt_2PatInt","enjoy-alex-quantised",4,"Extrovert first","Extrovert","enjoy","alex_ext","I enjoyed our <br>conversation",0.78125,27,32,30,44,"Extrovert","enjoy",1
11941590,"complete","A","A_1AlexExt_2PatInt","enjoy-pat-quantised",3,"Extrovert first","Introvert","enjoy","alex_ext","I enjoyed our <br>conversation",0.78125,27,32,30,44,"Introvert","enjoy",0
11941590,"complete","A","A_1AlexExt_2PatInt","distant-alex-quantised",2,"Extrovert first","Extrovert","distant","alex_ext","I felt distant <br>from them",0.78125,27,32,30,44,"Extrovert","distant",1
11941590,"complete","A","A_1AlexExt_2PatInt","distant-pat-quantised",4,"Extrovert first","Introvert","distant","alex_ext","I felt distant <br>from them",0.78125,27,32,30,44,"Introvert","distant",-1
11941590,"complete","A","A_1AlexExt_2PatInt","understood-alex-quantised",4,"Extrovert first","Extrovert","understood","alex_ext","I felt that <br>they understood me",0.78125,27,32,30,44,"Extrovert","understood",1
11941590,"complete","A","A_1AlexExt_2PatInt","understood-pat-quantised",4,"Extrovert first","Introvert","understood","alex_ext","I felt that <br>they understood me",0.78125,27,32,30,44,"Introvert","understood",1
11941590,"complete","A","A_1AlexExt_2PatInt","different-alex-quantised",2,"Extrovert first","Extrovert","different","alex_ext","I felt that they were <br>different from me",0.78125,27,32,30,44,"Extrovert","different",1
11941590,"complete","A","A_1AlexExt_2PatInt","different-pat-quantised",3,"Extrovert first","Introvert","different","alex_ext","I felt that they were <br>different from me",0.78125,27,32,30,44,"Introvert","different",0
11941590,"complete","A","A_1AlexExt_2PatInt","chat-again-alex-quantised",4,"Extrovert first","Extrovert","chat-again","alex_ext","I would chat <br>with them again",0.78125,27,32,30,44,"Extrovert","chat-again",1
11941590,"complete","A","A_1AlexExt_2PatInt","chat-again-pat-quantised",3,"Extrovert first","Introvert","chat-again","alex_ext","I would chat <br>with them again",0.78125,27,32,30,44,"Introvert","chat-again",0
12164954,"complete","A","A_2PatInt_1AlexExt","similar-pat-quantised",2,"Introvert first","Introvert","similar","pat_int","I felt that <br>we are similar",0.59375,24,32,20,25,"Introvert","similar",-1
12164954,"complete","A","A_2PatInt_1AlexExt","similar-alex-quantised",1,"Introvert first","Extrovert","similar","pat_int","I felt that <br>we are similar",0.59375,24,32,20,25,"Extrovert","similar",-2
12164954,"complete","A","A_2PatInt_1AlexExt","enjoy-pat-quantised",2,"Introvert first","Introvert","enjoy","pat_int","I enjoyed our <br>conversation",0.59375,24,32,20,25,"Introvert","enjoy",-1
12164954,"complete","A","A_2PatInt_1AlexExt","enjoy-alex-quantised",2,"Introvert first","Extrovert","enjoy","pat_int","I enjoyed our <br>conversation",0.59375,24,32,20,25,"Extrovert","enjoy",-1
12164954,"complete","A","A_2PatInt_1AlexExt","distant-pat-quantised",5,"Introvert first","Introvert","distant","pat_int","I felt distant <br>from them",0.59375,24,32,20,25,"Introvert","distant",-2
12164954,"complete","A","A_2PatInt_1AlexExt","distant-alex-quantised",5,"Introvert first","Extrovert","distant","pat_int","I felt distant <br>from them",0.59375,24,32,20,25,"Extrovert","distant",-2
12164954,"complete","A","A_2PatInt_1AlexExt","understood-pat-quantised",2,"Introvert first","Introvert","understood","pat_int","I felt that <br>they understood me",0.59375,24,32,20,25,"Introvert","understood",-1
12164954,"complete","A","A_2PatInt_1AlexExt","understood-alex-quantised",1,"Introvert first","Extrovert","understood","pat_int","I felt that <br>they understood me",0.59375,24,32,20,25,"Extrovert","understood",-2
12164954,"complete","A","A_2PatInt_1AlexExt","different-pat-quantised",5,"Introvert first","Introvert","different","pat_int","I felt that they were <br>different from me",0.59375,24,32,20,25,"Introvert","different",-2
12164954,"complete","A","A_2PatInt_1AlexExt","different-alex-quantised",5,"Introvert first","Extrovert","different","pat_int","I felt that they were <br>different from me",0.59375,24,32,20,25,"Extrovert","different",-2
12164954,"complete","A","A_2PatInt_1AlexExt","chat-again-pat-quantised",1,"Introvert first","Introvert","chat-again","pat_int","I would chat <br>with them again",0.59375,24,32,20,25,"Introvert","chat-again",-2
12164954,"complete","A","A_2PatInt_1AlexExt","chat-again-alex-quantised",1,"Introvert first","Extrovert","chat-again","pat_int","I would chat <br>with them again",0.59375,24,32,20,25,"Extrovert","chat-again",-2
12165018,"complete","A","A_2PatInt_1AlexExt","similar-pat-quantised",2,"Introvert first","Introvert","similar","pat_int","I felt that <br>we are similar",0.6875,28,25,27,32,"Introvert","similar",-1
12165018,"complete","A","A_2PatInt_1AlexExt","similar-alex-quantised",4,"Introvert first","Extrovert","similar","pat_int","I felt that <br>we are similar",0.6875,28,25,27,32,"Extrovert","similar",1
12165018,"complete","A","A_2PatInt_1AlexExt","enjoy-pat-quantised",2,"Introvert first","Introvert","enjoy","pat_int","I enjoyed our <br>conversation",0.6875,28,25,27,32,"Introvert","enjoy",-1
12165018,"complete","A","A_2PatInt_1AlexExt","enjoy-alex-quantised",5,"Introvert first","Extrovert","enjoy","pat_int","I enjoyed our <br>conversation",0.6875,28,25,27,32,"Extrovert","enjoy",2
12165018,"complete","A","A_2PatInt_1AlexExt","distant-pat-quantised",4,"Introvert first","Introvert","distant","pat_int","I felt distant <br>from them",0.6875,28,25,27,32,"Introvert","distant",-1
12165018,"complete","A","A_2PatInt_1AlexExt","distant-alex-quantised",1,"Introvert first","Extrovert","distant","pat_int","I felt distant <br>from them",0.6875,28,25,27,32,"Extrovert","distant",2
12165018,"complete","A","A_2PatInt_1AlexExt","understood-pat-quantised",2,"Introvert first","Introvert","understood","pat_int","I felt that <br>they understood me",0.6875,28,25,27,32,"Introvert","understood",-1
12165018,"complete","A","A_2PatInt_1AlexExt","understood-alex-quantised",4,"Introvert first","Extrovert","understood","pat_int","I felt that <br>they understood me",0.6875,28,25,27,32,"Extrovert","understood",1
12165018,"complete","A","A_2PatInt_1AlexExt","different-pat-quantised",4,"Introvert first","Introvert","different","pat_int","I felt that they were <br>different from me",0.6875,28,25,27,32,"Introvert","different",-1
12165018,"complete","A","A_2PatInt_1AlexExt","different-alex-quantised",2,"Introvert first","Extrovert","different","pat_int","I felt that they were <br>different from me",0.6875,28,25,27,32,"Extrovert","different",1
12165018,"complete","A","A_2PatInt_1AlexExt","chat-again-pat-quantised",1,"Introvert first","Introvert","chat-again","pat_int","I would chat <br>with them again",0.6875,28,25,27,32,"Introvert","chat-again",-2
12165018,"complete","A","A_2PatInt_1AlexExt","chat-again-alex-quantised",5,"Introvert first","Extrovert","chat-again","pat_int","I would chat <br>with them again",0.6875,28,25,27,32,"Extrovert","chat-again",2
12165146,"complete","A","A_2PatInt_1AlexExt","similar-pat-quantised",4,"Introvert first","Introvert","similar","pat_int","I felt that <br>we are similar",0.625,28,29,21,30,"Introvert","similar",1
12165146,"complete","A","A_2PatInt_1AlexExt","similar-alex-quantised",2,"Introvert first","Extrovert","similar","pat_int","I felt that <br>we are similar",0.625,28,29,21,30,"Extrovert","similar",-1
12165146,"complete","A","A_2PatInt_1AlexExt","enjoy-pat-quantised",5,"Introvert first","Introvert","enjoy","pat_int","I enjoyed our <br>conversation",0.625,28,29,21,30,"Introvert","enjoy",2
12165146,"complete","A","A_2PatInt_1AlexExt","enjoy-alex-quantised",3,"Introvert first","Extrovert","enjoy","pat_int","I enjoyed our <br>conversation",0.625,28,29,21,30,"Extrovert","enjoy",0
12165146,"complete","A","A_2PatInt_1AlexExt","distant-pat-quantised",2,"Introvert first","Introvert","distant","pat_int","I felt distant <br>from them",0.625,28,29,21,30,"Introvert","distant",1
12165146,"complete","A","A_2PatInt_1AlexExt","distant-alex-quantised",4,"Introvert first","Extrovert","distant","pat_int","I felt distant <br>from them",0.625,28,29,21,30,"Extrovert","distant",-1
12165146,"complete","A","A_2PatInt_1AlexExt","understood-pat-quantised",4,"Introvert first","Introvert","understood","pat_int","I felt that <br>they understood me",0.625,28,29,21,30,"Introvert","understood",1
12165146,"complete","A","A_2PatInt_1AlexExt","understood-alex-quantised",3,"Introvert first","Extrovert","understood","pat_int","I felt that <br>they understood me",0.625,28,29,21,30,"Extrovert","understood",0
12165146,"complete","A","A_2PatInt_1AlexExt","different-pat-quantised",2,"Introvert first","Introvert","different","pat_int","I felt that they were <br>different from me",0.625,28,29,21,30,"Introvert","different",1
12165146,"complete","A","A_2PatInt_1AlexExt","different-alex-quantised",4,"Introvert first","Extrovert","different","pat_int","I felt that they were <br>different from me",0.625,28,29,21,30,"Extrovert","different",-1
12165146,"complete","A","A_2PatInt_1AlexExt","chat-again-pat-quantised",4,"Introvert first","Introvert","chat-again","pat_int","I would chat <br>with them again",0.625,28,29,21,30,"Introvert","chat-again",1
12165146,"complete","A","A_2PatInt_1AlexExt","chat-again-alex-quantised",2,"Introvert first","Extrovert","chat-again","pat_int","I would chat <br>with them again",0.625,28,29,21,30,"Extrovert","chat-again",-1
12165229,"complete","A","A_1AlexExt_2PatInt","similar-alex-quantised",5,"Extrovert first","Extrovert","similar","alex_ext","I felt that <br>we are similar",0.8125,33,30,20,35,"Extrovert","similar",2
12165229,"complete","A","A_1AlexExt_2PatInt","similar-pat-quantised",2,"Extrovert first","Introvert","similar","alex_ext","I felt that <br>we are similar",0.8125,33,30,20,35,"Introvert","similar",-1
12165229,"complete","A","A_1AlexExt_2PatInt","enjoy-alex-quantised",5,"Extrovert first","Extrovert","enjoy","alex_ext","I enjoyed our <br>conversation",0.8125,33,30,20,35,"Extrovert","enjoy",2
12165229,"complete","A","A_1AlexExt_2PatInt","enjoy-pat-quantised",4,"Extrovert first","Introvert","enjoy","alex_ext","I enjoyed our <br>conversation",0.8125,33,30,20,35,"Introvert","enjoy",1
12165229,"complete","A","A_1AlexExt_2PatInt","distant-alex-quantised",1,"Extrovert first","Extrovert","distant","alex_ext","I felt distant <br>from them",0.8125,33,30,20,35,"Extrovert","distant",2
12165229,"complete","A","A_1AlexExt_2PatInt","distant-pat-quantised",4,"Extrovert first","Introvert","distant","alex_ext","I felt distant <br>from them",0.8125,33,30,20,35,"Introvert","distant",-1
12165229,"complete","A","A_1AlexExt_2PatInt","understood-alex-quantised",5,"Extrovert first","Extrovert","understood","alex_ext","I felt that <br>they understood me",0.8125,33,30,20,35,"Extrovert","understood",2
12165229,"complete","A","A_1AlexExt_2PatInt","understood-pat-quantised",3,"Extrovert first","Introvert","understood","alex_ext","I felt that <br>they understood me",0.8125,33,30,20,35,"Introvert","understood",0
12165229,"complete","A","A_1AlexExt_2PatInt","different-alex-quantised",5,"Extrovert first","Extrovert","different","alex_ext","I felt that they were <br>different from me",0.8125,33,30,20,35,"Extrovert","different",-2
12165229,"complete","A","A_1AlexExt_2PatInt","different-pat-quantised",5,"Extrovert first","Introvert","different","alex_ext","I felt that they were <br>different from me",0.8125,33,30,20,35,"Introvert","different",-2
12165229,"complete","A","A_1AlexExt_2PatInt","chat-again-alex-quantised",5,"Extrovert first","Extrovert","chat-again","alex_ext","I would chat <br>with them again",0.8125,33,30,20,35,"Extrovert","chat-again",2
12165229,"complete","A","A_1AlexExt_2PatInt","chat-again-pat-quantised",5,"Extrovert first","Introvert","chat-again","alex_ext","I would chat <br>with them again",0.8125,33,30,20,35,"Introvert","chat-again",2
12165240,"complete","A","A_2PatInt_1AlexExt","similar-pat-quantised",5,"Introvert first","Introvert","similar","pat_int","I felt that <br>we are similar",0.625,28,36,28,40,"Introvert","similar",2
12165240,"complete","A","A_2PatInt_1AlexExt","similar-alex-quantised",1,"Introvert first","Extrovert","similar","pat_int","I felt that <br>we are similar",0.625,28,36,28,40,"Extrovert","similar",-2
12165240,"complete","A","A_2PatInt_1AlexExt","enjoy-pat-quantised",3,"Introvert first","Introvert","enjoy","pat_int","I enjoyed our <br>conversation",0.625,28,36,28,40,"Introvert","enjoy",0
12165240,"complete","A","A_2PatInt_1AlexExt","enjoy-alex-quantised",3,"Introvert first","Extrovert","enjoy","pat_int","I enjoyed our <br>conversation",0.625,28,36,28,40,"Extrovert","enjoy",0
12165240,"complete","A","A_2PatInt_1AlexExt","distant-pat-quantised",4,"Introvert first","Introvert","distant","pat_int","I felt distant <br>from them",0.625,28,36,28,40,"Introvert","distant",-1
12165240,"complete","A","A_2PatInt_1AlexExt","distant-alex-quantised",5,"Introvert first","Extrovert","distant","pat_int","I felt distant <br>from them",0.625,28,36,28,40,"Extrovert","distant",-2
12165240,"complete","A","A_2PatInt_1AlexExt","understood-pat-quantised",4,"Introvert first","Introvert","understood","pat_int","I felt that <br>they understood me",0.625,28,36,28,40,"Introvert","understood",1
12165240,"complete","A","A_2PatInt_1AlexExt","understood-alex-quantised",1,"Introvert first","Extrovert","understood","pat_int","I felt that <br>they understood me",0.625,28,36,28,40,"Extrovert","understood",-2
12165240,"complete","A","A_2PatInt_1AlexExt","different-pat-quantised",2,"Introvert first","Introvert","different","pat_int","I felt that they were <br>different from me",0.625,28,36,28,40,"Introvert","different",1
12165240,"complete","A","A_2PatInt_1AlexExt","different-alex-quantised",5,"Introvert first","Extrovert","different","pat_int","I felt that they were <br>different from me",0.625,28,36,28,40,"Extrovert","different",-2
12165240,"complete","A","A_2PatInt_1AlexExt","chat-again-pat-quantised",1,"Introvert first","Introvert","chat-again","pat_int","I would chat <br>with them again",0.625,28,36,28,40,"Introvert","chat-again",-2
12165240,"complete","A","A_2PatInt_1AlexExt","chat-again-alex-quantised",1,"Introvert first","Extrovert","chat-again","pat_int","I would chat <br>with them again",0.625,28,36,28,40,"Extrovert","chat-again",-2
12166182,"complete","A","A_2PatInt_1AlexExt","similar-pat-quantised",5,"Introvert first","Introvert","similar","pat_int","I felt that <br>we are similar",0.71875,29,31,23,43,"Introvert","similar",2
12166182,"complete","A","A_2PatInt_1AlexExt","similar-alex-quantised",4,"Introvert first","Extrovert","similar","pat_int","I felt that <br>we are similar",0.71875,29,31,23,43,"Extrovert","similar",1
12166182,"complete","A","A_2PatInt_1AlexExt","enjoy-pat-quantised",4,"Introvert first","Introvert","enjoy","pat_int","I enjoyed our <br>conversation",0.71875,29,31,23,43,"Introvert","enjoy",1
12166182,"complete","A","A_2PatInt_1AlexExt","enjoy-alex-quantised",4,"Introvert first","Extrovert","enjoy","pat_int","I enjoyed our <br>conversation",0.71875,29,31,23,43,"Extrovert","enjoy",1
12166182,"complete","A","A_2PatInt_1AlexExt","distant-pat-quantised",2,"Introvert first","Introvert","distant","pat_int","I felt distant <br>from them",0.71875,29,31,23,43,"Introvert","distant",1
12166182,"complete","A","A_2PatInt_1AlexExt","distant-alex-quantised",2,"Introvert first","Extrovert","distant","pat_int","I felt distant <br>from them",0.71875,29,31,23,43,"Extrovert","distant",1
12166182,"complete","A","A_2PatInt_1AlexExt","understood-pat-quantised",4,"Introvert first","Introvert","understood","pat_int","I felt that <br>they understood me",0.71875,29,31,23,43,"Introvert","understood",1
12166182,"complete","A","A_2PatInt_1AlexExt","understood-alex-quantised",4,"Introvert first","Extrovert","understood","pat_int","I felt that <br>they understood me",0.71875,29,31,23,43,"Extrovert","understood",1
12166182,"complete","A","A_2PatInt_1AlexExt","different-pat-quantised",1,"Introvert first","Introvert","different","pat_int","I felt that they were <br>different from me",0.71875,29,31,23,43,"Introvert","different",2
12166182,"complete","A","A_2PatInt_1AlexExt","different-alex-quantised",2,"Introvert first","Extrovert","different","pat_int","I felt that they were <br>different from me",0.71875,29,31,23,43,"Extrovert","different",1
12166182,"complete","A","A_2PatInt_1AlexExt","chat-again-pat-quantised",4,"Introvert first","Introvert","chat-again","pat_int","I would chat <br>with them again",0.71875,29,31,23,43,"Introvert","chat-again",1
12166182,"complete","A","A_2PatInt_1AlexExt","chat-again-alex-quantised",4,"Introvert first","Extrovert","chat-again","pat_int","I would chat <br>with them again",0.71875,29,31,23,43,"Extrovert","chat-again",1
12207478,"complete","A","A_1AlexExt_2PatInt","similar-alex-quantised",4,"Extrovert first","Extrovert","similar","alex_ext","I felt that <br>we are similar",0.75,29,30,20,39,"Extrovert","similar",1
12207478,"complete","A","A_1AlexExt_2PatInt","similar-pat-quantised",3,"Extrovert first","Introvert","similar","alex_ext","I felt that <br>we are similar",0.75,29,30,20,39,"Introvert","similar",0
12207478,"complete","A","A_1AlexExt_2PatInt","enjoy-alex-quantised",4,"Extrovert first","Extrovert","enjoy","alex_ext","I enjoyed our <br>conversation",0.75,29,30,20,39,"Extrovert","enjoy",1
12207478,"complete","A","A_1AlexExt_2PatInt","enjoy-pat-quantised",4,"Extrovert first","Introvert","enjoy","alex_ext","I enjoyed our <br>conversation",0.75,29,30,20,39,"Introvert","enjoy",1
12207478,"complete","A","A_1AlexExt_2PatInt","distant-alex-quantised",2,"Extrovert first","Extrovert","distant","alex_ext","I felt distant <br>from them",0.75,29,30,20,39,"Extrovert","distant",1
12207478,"complete","A","A_1AlexExt_2PatInt","distant-pat-quantised",2,"Extrovert first","Introvert","distant","alex_ext","I felt distant <br>from them",0.75,29,30,20,39,"Introvert","distant",1
12207478,"complete","A","A_1AlexExt_2PatInt","understood-alex-quantised",4,"Extrovert first","Extrovert","understood","alex_ext","I felt that <br>they understood me",0.75,29,30,20,39,"Extrovert","understood",1
12207478,"complete","A","A_1AlexExt_2PatInt","understood-pat-quantised",4,"Extrovert first","Introvert","understood","alex_ext","I felt that <br>they understood me",0.75,29,30,20,39,"Introvert","understood",1
12207478,"complete","A","A_1AlexExt_2PatInt","different-alex-quantised",2,"Extrovert first","Extrovert","different","alex_ext","I felt that they were <br>different from me",0.75,29,30,20,39,"Extrovert","different",1
12207478,"complete","A","A_1AlexExt_2PatInt","different-pat-quantised",3,"Extrovert first","Introvert","different","alex_ext","I felt that they were <br>different from me",0.75,29,30,20,39,"Introvert","different",0
12207478,"complete","A","A_1AlexExt_2PatInt","chat-again-alex-quantised",4,"Extrovert first","Extrovert","chat-again","alex_ext","I would chat <br>with them again",0.75,29,30,20,39,"Extrovert","chat-again",1
12207478,"complete","A","A_1AlexExt_2PatInt","chat-again-pat-quantised",4,"Extrovert first","Introvert","chat-again","alex_ext","I would chat <br>with them again",0.75,29,30,20,39,"Introvert","chat-again",1
12218235,"complete","B","B_2AlexInt_1PatExt","similar-alex-quantised",3,"Extrovert first","Introvert","similar","alex_int","I felt that <br>we are similar",0.75,32,33,25,34,"Introvert","similar",0
12218235,"complete","B","B_2AlexInt_1PatExt","similar-pat-quantised",2,"Extrovert first","Extrovert","similar","alex_int","I felt that <br>we are similar",0.75,32,33,25,34,"Extrovert","similar",-1
12218235,"complete","B","B_2AlexInt_1PatExt","enjoy-alex-quantised",4,"Extrovert first","Introvert","enjoy","alex_int","I enjoyed our <br>conversation",0.75,32,33,25,34,"Introvert","enjoy",1
12218235,"complete","B","B_2AlexInt_1PatExt","enjoy-pat-quantised",4,"Extrovert first","Extrovert","enjoy","alex_int","I enjoyed our <br>conversation",0.75,32,33,25,34,"Extrovert","enjoy",1
12218235,"complete","B","B_2AlexInt_1PatExt","distant-alex-quantised",3,"Extrovert first","Introvert","distant","alex_int","I felt distant <br>from them",0.75,32,33,25,34,"Introvert","distant",0
12218235,"complete","B","B_2AlexInt_1PatExt","distant-pat-quantised",2,"Extrovert first","Extrovert","distant","alex_int","I felt distant <br>from them",0.75,32,33,25,34,"Extrovert","distant",1
12218235,"complete","B","B_2AlexInt_1PatExt","understood-alex-quantised",4,"Extrovert first","Introvert","understood","alex_int","I felt that <br>they understood me",0.75,32,33,25,34,"Introvert","understood",1
12218235,"complete","B","B_2AlexInt_1PatExt","understood-pat-quantised",4,"Extrovert first","Extrovert","understood","alex_int","I felt that <br>they understood me",0.75,32,33,25,34,"Extrovert","understood",1
12218235,"complete","B","B_2AlexInt_1PatExt","different-alex-quantised",3,"Extrovert first","Introvert","different","alex_int","I felt that they were <br>different from me",0.75,32,33,25,34,"Introvert","different",0
12218235,"complete","B","B_2AlexInt_1PatExt","different-pat-quantised",3,"Extrovert first","Extrovert","different","alex_int","I felt that they were <br>different from me",0.75,32,33,25,34,"Extrovert","different",0
12218235,"complete","B","B_2AlexInt_1PatExt","chat-again-alex-quantised",4,"Extrovert first","Introvert","chat-again","alex_int","I would chat <br>with them again",0.75,32,33,25,34,"Introvert","chat-again",1
12218235,"complete","B","B_2AlexInt_1PatExt","chat-again-pat-quantised",4,"Extrovert first","Extrovert","chat-again","alex_int","I would chat <br>with them again",0.75,32,33,25,34,"Extrovert","chat-again",1
12219352,"complete","B","B_1PatExt_2AlexInt","similar-pat-quantised",5,"Introvert first","Extrovert","similar","pat_ext","I felt that <br>we are similar",0.8125,22,29,30,42,"Extrovert","similar",2
12219352,"complete","B","B_1PatExt_2AlexInt","similar-alex-quantised",4,"Introvert first","Introvert","similar","pat_ext","I felt that <br>we are similar",0.8125,22,29,30,42,"Introvert","similar",1
12219352,"complete","B","B_1PatExt_2AlexInt","enjoy-pat-quantised",5,"Introvert first","Extrovert","enjoy","pat_ext","I enjoyed our <br>conversation",0.8125,22,29,30,42,"Extrovert","enjoy",2
12219352,"complete","B","B_1PatExt_2AlexInt","enjoy-alex-quantised",5,"Introvert first","Introvert","enjoy","pat_ext","I enjoyed our <br>conversation",0.8125,22,29,30,42,"Introvert","enjoy",2
12219352,"complete","B","B_1PatExt_2AlexInt","distant-pat-quantised",1,"Introvert first","Extrovert","distant","pat_ext","I felt distant <br>from them",0.8125,22,29,30,42,"Extrovert","distant",2
12219352,"complete","B","B_1PatExt_2AlexInt","distant-alex-quantised",2,"Introvert first","Introvert","distant","pat_ext","I felt distant <br>from them",0.8125,22,29,30,42,"Introvert","distant",1
12219352,"complete","B","B_1PatExt_2AlexInt","understood-pat-quantised",5,"Introvert first","Extrovert","understood","pat_ext","I felt that <br>they understood me",0.8125,22,29,30,42,"Extrovert","understood",2
12219352,"complete","B","B_1PatExt_2AlexInt","understood-alex-quantised",5,"Introvert first","Introvert","understood","pat_ext","I felt that <br>they understood me",0.8125,22,29,30,42,"Introvert","understood",2
12219352,"complete","B","B_1PatExt_2AlexInt","different-pat-quantised",1,"Introvert first","Extrovert","different","pat_ext","I felt that they were <br>different from me",0.8125,22,29,30,42,"Extrovert","different",2
12219352,"complete","B","B_1PatExt_2AlexInt","different-alex-quantised",2,"Introvert first","Introvert","different","pat_ext","I felt that they were <br>different from me",0.8125,22,29,30,42,"Introvert","different",1
12219352,"complete","B","B_1PatExt_2AlexInt","chat-again-pat-quantised",5,"Introvert first","Extrovert","chat-again","pat_ext","I would chat <br>with them again",0.8125,22,29,30,42,"Extrovert","chat-again",2
12219352,"complete","B","B_1PatExt_2AlexInt","chat-again-alex-quantised",5,"Introvert first","Introvert","chat-again","pat_ext","I would chat <br>with them again",0.8125,22,29,30,42,"Introvert","chat-again",2
12219557,"complete","B","B_2AlexInt_1PatExt","similar-alex-quantised",2,"Extrovert first","Introvert","similar","alex_int","I felt that <br>we are similar",0.875,20,32,20,42,"Introvert","similar",-1
12219557,"complete","B","B_2AlexInt_1PatExt","similar-pat-quantised",4,"Extrovert first","Extrovert","similar","alex_int","I felt that <br>we are similar",0.875,20,32,20,42,"Extrovert","similar",1
12219557,"complete","B","B_2AlexInt_1PatExt","enjoy-alex-quantised",4,"Extrovert first","Introvert","enjoy","alex_int","I enjoyed our <br>conversation",0.875,20,32,20,42,"Introvert","enjoy",1
12219557,"complete","B","B_2AlexInt_1PatExt","enjoy-pat-quantised",4,"Extrovert first","Extrovert","enjoy","alex_int","I enjoyed our <br>conversation",0.875,20,32,20,42,"Extrovert","enjoy",1
12219557,"complete","B","B_2AlexInt_1PatExt","distant-alex-quantised",3,"Extrovert first","Introvert","distant","alex_int","I felt distant <br>from them",0.875,20,32,20,42,"Introvert","distant",0
12219557,"complete","B","B_2AlexInt_1PatExt","distant-pat-quantised",2,"Extrovert first","Extrovert","distant","alex_int","I felt distant <br>from them",0.875,20,32,20,42,"Extrovert","distant",1
12219557,"complete","B","B_2AlexInt_1PatExt","understood-alex-quantised",5,"Extrovert first","Introvert","understood","alex_int","I felt that <br>they understood me",0.875,20,32,20,42,"Introvert","understood",2
12219557,"complete","B","B_2AlexInt_1PatExt","understood-pat-quantised",5,"Extrovert first","Extrovert","understood","alex_int","I felt that <br>they understood me",0.875,20,32,20,42,"Extrovert","understood",2
12219557,"complete","B","B_2AlexInt_1PatExt","different-alex-quantised",5,"Extrovert first","Introvert","different","alex_int","I felt that they were <br>different from me",0.875,20,32,20,42,"Introvert","different",-2
12219557,"complete","B","B_2AlexInt_1PatExt","different-pat-quantised",5,"Extrovert first","Extrovert","different","alex_int","I felt that they were <br>different from me",0.875,20,32,20,42,"Extrovert","different",-2
12219557,"complete","B","B_2AlexInt_1PatExt","chat-again-alex-quantised",4,"Extrovert first","Introvert","chat-again","alex_int","I would chat <br>with them again",0.875,20,32,20,42,"Introvert","chat-again",1
12219557,"complete","B","B_2AlexInt_1PatExt","chat-again-pat-quantised",5,"Extrovert first","Extrovert","chat-again","alex_int","I would chat <br>with them again",0.875,20,32,20,42,"Extrovert","chat-again",2
12219667,"complete","B","B_1PatExt_2AlexInt","similar-pat-quantised",3,"Introvert first","Extrovert","similar","pat_ext","I felt that <br>we are similar",0.71875,29,30,13,38,"Extrovert","similar",0
12219667,"complete","B","B_1PatExt_2AlexInt","similar-alex-quantised",4,"Introvert first","Introvert","similar","pat_ext","I felt that <br>we are similar",0.71875,29,30,13,38,"Introvert","similar",1
12219667,"complete","B","B_1PatExt_2AlexInt","enjoy-pat-quantised",2,"Introvert first","Extrovert","enjoy","pat_ext","I enjoyed our <br>conversation",0.71875,29,30,13,38,"Extrovert","enjoy",-1
12219667,"complete","B","B_1PatExt_2AlexInt","enjoy-alex-quantised",5,"Introvert first","Introvert","enjoy","pat_ext","I enjoyed our <br>conversation",0.71875,29,30,13,38,"Introvert","enjoy",2
12219667,"complete","B","B_1PatExt_2AlexInt","distant-pat-quantised",4,"Introvert first","Extrovert","distant","pat_ext","I felt distant <br>from them",0.71875,29,30,13,38,"Extrovert","distant",-1
12219667,"complete","B","B_1PatExt_2AlexInt","distant-alex-quantised",2,"Introvert first","Introvert","distant","pat_ext","I felt distant <br>from them",0.71875,29,30,13,38,"Introvert","distant",1
12219667,"complete","B","B_1PatExt_2AlexInt","understood-pat-quantised",2,"Introvert first","Extrovert","understood","pat_ext","I felt that <br>they understood me",0.71875,29,30,13,38,"Extrovert","understood",-1
12219667,"complete","B","B_1PatExt_2AlexInt","understood-alex-quantised",5,"Introvert first","Introvert","understood","pat_ext","I felt that <br>they understood me",0.71875,29,30,13,38,"Introvert","understood",2
12219667,"complete","B","B_1PatExt_2AlexInt","different-pat-quantised",4,"Introvert first","Extrovert","different","pat_ext","I felt that they were <br>different from me",0.71875,29,30,13,38,"Extrovert","different",-1
12219667,"complete","B","B_1PatExt_2AlexInt","different-alex-quantised",2,"Introvert first","Introvert","different","pat_ext","I felt that they were <br>different from me",0.71875,29,30,13,38,"Introvert","different",1
12219667,"complete","B","B_1PatExt_2AlexInt","chat-again-pat-quantised",2,"Introvert first","Extrovert","chat-again","pat_ext","I would chat <br>with them again",0.71875,29,30,13,38,"Extrovert","chat-again",-1
12219667,"complete","B","B_1PatExt_2AlexInt","chat-again-alex-quantised",4,"Introvert first","Introvert","chat-again","pat_ext","I would chat <br>with them again",0.71875,29,30,13,38,"Introvert","chat-again",1
12220463,"complete","B","B_2AlexInt_1PatExt","similar-alex-quantised",1,"Extrovert first","Introvert","similar","alex_int","I felt that <br>we are similar",0.625,26,34,20,30,"Introvert","similar",-2
12220463,"complete","B","B_2AlexInt_1PatExt","similar-pat-quantised",4,"Extrovert first","Extrovert","similar","alex_int","I felt that <br>we are similar",0.625,26,34,20,30,"Extrovert","similar",1
12220463,"complete","B","B_2AlexInt_1PatExt","enjoy-alex-quantised",1,"Extrovert first","Introvert","enjoy","alex_int","I enjoyed our <br>conversation",0.625,26,34,20,30,"Introvert","enjoy",-2
12220463,"complete","B","B_2AlexInt_1PatExt","enjoy-pat-quantised",4,"Extrovert first","Extrovert","enjoy","alex_int","I enjoyed our <br>conversation",0.625,26,34,20,30,"Extrovert","enjoy",1
12220463,"complete","B","B_2AlexInt_1PatExt","distant-alex-quantised",5,"Extrovert first","Introvert","distant","alex_int","I felt distant <br>from them",0.625,26,34,20,30,"Introvert","distant",-2
12220463,"complete","B","B_2AlexInt_1PatExt","distant-pat-quantised",2,"Extrovert first","Extrovert","distant","alex_int","I felt distant <br>from them",0.625,26,34,20,30,"Extrovert","distant",1
12220463,"complete","B","B_2AlexInt_1PatExt","understood-alex-quantised",1,"Extrovert first","Introvert","understood","alex_int","I felt that <br>they understood me",0.625,26,34,20,30,"Introvert","understood",-2
12220463,"complete","B","B_2AlexInt_1PatExt","understood-pat-quantised",4,"Extrovert first","Extrovert","understood","alex_int","I felt that <br>they understood me",0.625,26,34,20,30,"Extrovert","understood",1
12220463,"complete","B","B_2AlexInt_1PatExt","different-alex-quantised",5,"Extrovert first","Introvert","different","alex_int","I felt that they were <br>different from me",0.625,26,34,20,30,"Introvert","different",-2
12220463,"complete","B","B_2AlexInt_1PatExt","different-pat-quantised",2,"Extrovert first","Extrovert","different","alex_int","I felt that they were <br>different from me",0.625,26,34,20,30,"Extrovert","different",1
12220463,"complete","B","B_2AlexInt_1PatExt","chat-again-alex-quantised",1,"Extrovert first","Introvert","chat-again","alex_int","I would chat <br>with them again",0.625,26,34,20,30,"Introvert","chat-again",-2
12220463,"complete","B","B_2AlexInt_1PatExt","chat-again-pat-quantised",4,"Extrovert first","Extrovert","chat-again","alex_int","I would chat <br>with them again",0.625,26,34,20,30,"Extrovert","chat-again",1
